Bitmap,1000000,10,10,0,2.204
Bitmap,1000000,10,1,1,928.513
Bitmap,1000000,10,1,0,2.596
Bitmap,1000000,10,0,0,0.526
Bitmap,26,1,1,0,0.668
Bitmap,26,1,0,0,0.206
Bitmap,100000,100,100,0,2.141
Bitmap,100000,100,10,10,4.116
Bitmap,100000,100,10,1,43.944
Bitmap,100000,100,10,0,1.842
Bitmap,100000,100,1,1,82.038
Bitmap,100000,100,1,0,2.196
Bitmap,100000,100,0,0,0.476
Bitmap,100000,10,10,0,1.874
Bitmap,100000,10,1,1,82.080
Bitmap,100000,10,1,0,2.185
Bitmap,100000,10,0,0,0.478
Bitmap,26,1,1,0,0.667
Bitmap,26,1,0,0,0.207
Bitmap,10000,1000,1000,0,2.371
Bitmap,10000,1000,100,100,4.383
Bitmap,10000,1000,100,10,3.129
Bitmap,10000,1000,100,1,7.872
Bitmap,10000,1000,100,0,1.837
Bitmap,10000,1000,10,10,3.208
Bitmap,10000,1000,10,1,8.024
Bitmap,10000,1000,10,0,1.500
Bitmap,10000,1000,1,1,12.001
Bitmap,10000,1000,1,0,1.753
Bitmap,10000,1000,0,0,0.421
Bitmap,10000,100,100,0,1.827
Bitmap,10000,100,10,10,3.173
Bitmap,10000,100,10,1,8.001
Bitmap,10000,100,10,0,1.507
Bitmap,10000,100,1,1,12.786
Bitmap,10000,100,1,0,1.783
Bitmap,10000,100,0,0,0.420
Bitmap,10000,10,10,0,1.546
Bitmap,10000,10,1,1,12.117
Bitmap,10000,10,1,0,1.752
Bitmap,10000,10,0,0,0.420
Bitmap,26,1,1,0,0.680
Bitmap,26,1,0,0,0.206
Bitmap,1000,10000,10000,0,8.325
Bitmap,1000,10000,1000,1000,11.066
Bitmap,1000,10000,1000,100,3.460
Bitmap,1000,10000,1000,10,2.193
Bitmap,1000,10000,1000,1,2.855
Bitmap,1000,10000,1000,0,2.065
Bitmap,1000,10000,100,100,3.463
Bitmap,1000,10000,100,10,2.133
Bitmap,1000,10000,100,1,2.790
Bitmap,1000,10000,100,0,1.506
Bitmap,1000,10000,10,10,2.224
Bitmap,1000,10000,10,1,2.855
Bitmap,1000,10000,10,0,1.161
Bitmap,1000,10000,1,1,3.492
Bitmap,1000,10000,1,0,1.311
Bitmap,1000,10000,0,0,0.283
Bitmap,1000,1000,1000,0,2.083
Bitmap,1000,1000,100,100,3.478
Bitmap,1000,1000,100,10,2.181
Bitmap,1000,1000,100,1,2.869
Bitmap,1000,1000,100,0,1.555
Bitmap,1000,1000,10,10,2.265
Bitmap,1000,1000,10,1,2.913
Bitmap,1000,1000,10,0,1.201
Bitmap,1000,1000,1,1,3.536
Bitmap,1000,1000,1,0,1.313
Bitmap,1000,1000,0,0,0.283
Bitmap,1000,100,100,0,1.488
Bitmap,1000,100,10,10,2.209
Bitmap,1000,100,10,1,2.803
Bitmap,1000,100,10,0,1.143
Bitmap,1000,100,1,1,3.404
Bitmap,1000,100,1,0,1.243
Bitmap,1000,100,0,0,0.283
Bitmap,1000,10,10,0,1.181
Bitmap,1000,10,1,1,3.473
Bitmap,1000,10,1,0,1.303
Bitmap,1000,10,0,0,0.283
Bitmap,26,1,1,0,0.675
Bitmap,26,1,0,0,0.206
Bitmap,100,100000,100000,0,82.035
Bitmap,100,100000,10000,10000,86.446
Bitmap,100,100000,10000,1000,11.506
Bitmap,100,100000,10000,100,3.846
Bitmap,100,100000,10000,10,2.578
Bitmap,100,100000,10000,1,2.605
Bitmap,100,100000,10000,0,7.223
Bitmap,100,100000,1000,1000,10.637
Bitmap,100,100000,1000,100,2.864
Bitmap,100,100000,1000,10,1.626
Bitmap,100,100000,1000,1,1.731
Bitmap,100,100000,1000,0,1.827
Bitmap,100,100000,100,100,2.849
Bitmap,100,100000,100,10,1.682
Bitmap,100,100000,100,1,1.717
Bitmap,100,100000,100,0,1.306
Bitmap,100,100000,10,10,1.623
Bitmap,100,100000,10,1,1.661
Bitmap,100,100000,10,0,0.949
Bitmap,100,100000,1,1,1.742
Bitmap,100,100000,1,0,0.894
Bitmap,100,100000,0,0,0.241
Bitmap,100,10000,10000,0,7.140
Bitmap,100,10000,1000,1000,10.379
Bitmap,100,10000,1000,100,2.811
Bitmap,100,10000,1000,10,1.618
Bitmap,100,10000,1000,1,1.692
Bitmap,100,10000,1000,0,1.825
Bitmap,100,10000,100,100,2.695
Bitmap,100,10000,100,10,1.487
Bitmap,100,10000,100,1,1.572
Bitmap,100,10000,100,0,1.230
Bitmap,100,10000,10,10,1.541
Bitmap,100,10000,10,1,1.639
Bitmap,100,10000,10,0,0.856
Bitmap,100,10000,1,1,1.728
Bitmap,100,10000,1,0,0.863
Bitmap,100,10000,0,0,0.241
Bitmap,100,1000,1000,0,1.790
Bitmap,100,1000,100,100,2.647
Bitmap,100,1000,100,10,1.493
Bitmap,100,1000,100,1,1.537
Bitmap,100,1000,100,0,1.269
Bitmap,100,1000,10,10,1.524
Bitmap,100,1000,10,1,1.606
Bitmap,100,1000,10,0,0.930
Bitmap,100,1000,1,1,1.788
Bitmap,100,1000,1,0,0.885
Bitmap,100,1000,0,0,0.241
Bitmap,100,100,100,0,1.238
Bitmap,100,100,10,10,1.528
Bitmap,100,100,10,1,1.599
Bitmap,100,100,10,0,0.868
Bitmap,100,100,1,1,1.800
Bitmap,100,100,1,0,0.936
Bitmap,100,100,0,0,0.241
Bitmap,100,10,10,0,0.872
Bitmap,100,10,1,1,1.779
Bitmap,100,10,1,0,0.904
Bitmap,100,10,0,0,0.241
Bitmap,24,1,1,0,0.655
Bitmap,24,1,0,0,0.207
Bitmap,10,1000000,1000000,0,908.068
Bitmap,10,1000000,100000,100000,847.379
Bitmap,10,1000000,100000,10000,98.203
Bitmap,10,1000000,100000,1000,22.927
Bitmap,10,1000000,100000,100,15.219
Bitmap,10,1000000,100000,10,13.936
Bitmap,10,1000000,100000,1,13.815
Bitmap,10,1000000,100000,0,82.737
Bitmap,10,1000000,10000,10000,85.672
Bitmap,10,1000000,10000,1000,10.637
Bitmap,10,1000000,10000,100,3.012
Bitmap,10,1000000,10000,10,1.875
Bitmap,10,1000000,10000,1,1.816
Bitmap,10,1000000,10000,0,7.357
Bitmap,10,1000000,1000,1000,9.839
Bitmap,10,1000000,1000,100,2.113
Bitmap,10,1000000,1000,10,0.969
Bitmap,10,1000000,1000,1,0.908
Bitmap,10,1000000,1000,0,1.507
Bitmap,10,1000000,100,100,2.062
Bitmap,10,1000000,100,10,0.901
Bitmap,10,1000000,100,1,0.849
Bitmap,10,1000000,100,0,0.954
Bitmap,10,1000000,10,10,0.969
Bitmap,10,1000000,10,1,0.882
Bitmap,10,1000000,10,0,0.600
Bitmap,10,1000000,1,1,0.958
Bitmap,10,1000000,1,0,0.491
Bitmap,10,1000000,0,0,0.185
Bitmap,10,100000,100000,0,81.822
Bitmap,10,100000,10000,10000,85.699
Bitmap,10,100000,10000,1000,10.731
Bitmap,10,100000,10000,100,3.120
Bitmap,10,100000,10000,10,1.878
Bitmap,10,100000,10000,1,1.838
Bitmap,10,100000,10000,0,7.265
Bitmap,10,100000,1000,1000,9.767
Bitmap,10,100000,1000,100,2.122
Bitmap,10,100000,1000,10,0.926
Bitmap,10,100000,1000,1,0.868
Bitmap,10,100000,1000,0,1.498
Bitmap,10,100000,100,100,2.104
Bitmap,10,100000,100,10,0.847
Bitmap,10,100000,100,1,0.812
Bitmap,10,100000,100,0,0.920
Bitmap,10,100000,10,10,0.882
Bitmap,10,100000,10,1,0.839
Bitmap,10,100000,10,0,0.607
Bitmap,10,100000,1,1,0.843
Bitmap,10,100000,1,0,0.464
Bitmap,10,100000,0,0,0.185
Bitmap,10,10000,10000,0,6.904
Bitmap,10,10000,1000,1000,9.728
Bitmap,10,10000,1000,100,2.135
Bitmap,10,10000,1000,10,0.914
Bitmap,10,10000,1000,1,0.871
Bitmap,10,10000,1000,0,1.525
Bitmap,10,10000,100,100,2.041
Bitmap,10,10000,100,10,0.858
Bitmap,10,10000,100,1,0.814
Bitmap,10,10000,100,0,0.964
Bitmap,10,10000,10,10,0.924
Bitmap,10,10000,10,1,0.856
Bitmap,10,10000,10,0,0.600
Bitmap,10,10000,1,1,0.852
Bitmap,10,10000,1,0,0.479
Bitmap,10,10000,0,0,0.186
Bitmap,10,1000,1000,0,1.774
Bitmap,10,1000,100,100,2.020
Bitmap,10,1000,100,10,0.947
Bitmap,10,1000,100,1,0.906
Bitmap,10,1000,100,0,0.995
Bitmap,10,1000,10,10,0.969
Bitmap,10,1000,10,1,0.984
Bitmap,10,1000,10,0,0.626
Bitmap,10,1000,1,1,0.958
Bitmap,10,1000,1,0,0.512
Bitmap,10,1000,0,0,0.184
Bitmap,10,100,100,0,0.962
Bitmap,10,100,10,10,0.894
Bitmap,10,100,10,1,0.852
Bitmap,10,100,10,0,0.592
Bitmap,10,100,1,1,0.844
Bitmap,10,100,1,0,0.503
Bitmap,10,100,0,0,0.184
Bitmap,10,10,10,0,0.548
Bitmap,10,10,1,1,0.883
Bitmap,10,10,1,0,0.489
Bitmap,10,10,0,0,0.185
Bitmap,9,1,1,0,0.506
Bitmap,9,1,0,0,0.185
Bitmap,1,1000000,1000000,0,806.221
Bitmap,1,1000000,100000,100000,827.147
Bitmap,1,1000000,100000,10000,86.345
Bitmap,1,1000000,100000,1000,12.119
Bitmap,1,1000000,100000,100,4.520
Bitmap,1,1000000,100000,10,3.442
Bitmap,1,1000000,100000,1,3.381
Bitmap,1,1000000,100000,0,73.071
Bitmap,1,1000000,10000,10000,83.324
Bitmap,1,1000000,10000,1000,9.233
Bitmap,1,1000000,10000,100,1.727
Bitmap,1,1000000,10000,10,0.591
Bitmap,1,1000000,10000,1,0.529
Bitmap,1,1000000,10000,0,6.097
Bitmap,1,1000000,1000,1000,9.041
Bitmap,1,1000000,1000,100,1.548
Bitmap,1,1000000,1000,10,0.454
Bitmap,1,1000000,1000,1,0.392
Bitmap,1,1000000,1000,0,1.256
Bitmap,1,1000000,100,100,1.573
Bitmap,1,1000000,100,10,0.440
Bitmap,1,1000000,100,1,0.379
Bitmap,1,1000000,100,0,0.826
Bitmap,1,1000000,10,10,0.457
Bitmap,1,1000000,10,1,0.393
Bitmap,1,1000000,10,0,0.445
Bitmap,1,1000000,1,1,0.385
Bitmap,1,1000000,1,0,0.238
Bitmap,1,1000000,0,0,0.169
Bitmap,1,100000,100000,0,71.044
Bitmap,1,100000,10000,10000,82.931
Bitmap,1,100000,10000,1000,9.133
Bitmap,1,100000,10000,100,1.581
Bitmap,1,100000,10000,10,0.691
Bitmap,1,100000,10000,1,0.619
Bitmap,1,100000,10000,0,6.038
Bitmap,1,100000,1000,1000,9.039
Bitmap,1,100000,1000,100,1.403
Bitmap,1,100000,1000,10,0.503
Bitmap,1,100000,1000,1,0.411
Bitmap,1,100000,1000,0,1.288
Bitmap,1,100000,100,100,1.385
Bitmap,1,100000,100,10,0.482
Bitmap,1,100000,100,1,0.393
Bitmap,1,100000,100,0,0.788
Bitmap,1,100000,10,10,0.503
Bitmap,1,100000,10,1,0.416
Bitmap,1,100000,10,0,0.479
Bitmap,1,100000,1,1,0.391
Bitmap,1,100000,1,0,0.234
Bitmap,1,100000,0,0,0.170
Bitmap,1,10000,10000,0,6.216
Bitmap,1,10000,1000,1000,9.095
Bitmap,1,10000,1000,100,1.591
Bitmap,1,10000,1000,10,0.453
Bitmap,1,10000,1000,1,0.396
Bitmap,1,10000,1000,0,1.301
Bitmap,1,10000,100,100,1.585
Bitmap,1,10000,100,10,0.436
Bitmap,1,10000,100,1,0.379
Bitmap,1,10000,100,0,0.788
Bitmap,1,10000,10,10,0.458
Bitmap,1,10000,10,1,0.394
Bitmap,1,10000,10,0,0.423
Bitmap,1,10000,1,1,0.386
Bitmap,1,10000,1,0,0.226
Bitmap,1,10000,0,0,0.170
Bitmap,1,1000,1000,0,1.543
Bitmap,1,1000,100,100,1.380
Bitmap,1,1000,100,10,0.486
Bitmap,1,1000,100,1,0.403
Bitmap,1,1000,100,0,0.861
Bitmap,1,1000,10,10,0.502
Bitmap,1,1000,10,1,0.436
Bitmap,1,1000,10,0,0.444
Bitmap,1,1000,1,1,0.401
Bitmap,1,1000,1,0,0.260
Bitmap,1,1000,0,0,0.170
Bitmap,1,100,100,0,0.825
Bitmap,1,100,10,10,0.497
Bitmap,1,100,10,1,0.395
Bitmap,1,100,10,0,0.421
Bitmap,1,100,1,1,0.381
Bitmap,1,100,1,0,0.235
Bitmap,1,100,0,0,0.169
Bitmap,1,10,10,0,0.452
Bitmap,1,10,1,1,0.400
Bitmap,1,10,1,0,0.235
Bitmap,1,10,0,0,0.169
Bitmap,1,1,1,0,0.246
Bitmap,1,1,0,0,0.170
Vector,1000000,10,10,0,2.111
Vector,1000000,10,1,1,2238.315
Vector,1000000,10,1,0,2.779
Vector,1000000,10,0,0,0.735
Vector,26,1,1,0,0.645
Vector,26,1,0,0,0.243
Vector,100000,100,100,0,1.850
Vector,100000,100,10,10,1.701
Vector,100000,100,10,1,1.718
Vector,100000,100,10,0,1.772
Vector,100000,100,1,1,226.586
Vector,100000,100,1,0,2.337
Vector,100000,100,0,0,0.620
Vector,100000,10,10,0,1.785
Vector,100000,10,1,1,223.137
Vector,100000,10,1,0,2.298
Vector,100000,10,0,0,0.620
Vector,26,1,1,0,0.656
Vector,26,1,0,0,0.250
Vector,10000,1000,1000,0,1.742
Vector,10000,1000,100,100,1.299
Vector,10000,1000,100,10,1.292
Vector,10000,1000,100,1,1.290
Vector,10000,1000,100,0,1.552
Vector,10000,1000,10,10,1.378
Vector,10000,1000,10,1,1.379
Vector,10000,1000,10,0,1.529
Vector,10000,1000,1,1,25.679
Vector,10000,1000,1,0,1.805
Vector,10000,1000,0,0,0.522
Vector,10000,100,100,0,1.548
Vector,10000,100,10,10,1.363
Vector,10000,100,10,1,1.378
Vector,10000,100,10,0,1.454
Vector,10000,100,1,1,24.154
Vector,10000,100,1,0,1.847
Vector,10000,100,0,0,0.524
Vector,10000,10,10,0,1.498
Vector,10000,10,1,1,24.383
Vector,10000,10,1,0,1.840
Vector,10000,10,0,0,0.529
Vector,26,1,1,0,0.657
Vector,26,1,0,0,0.242
Vector,1000,10000,10000,0,4.211
Vector,1000,10000,1000,1000,1.049
Vector,1000,10000,1000,100,1.007
Vector,1000,10000,1000,10,1.008
Vector,1000,10000,1000,1,1.012
Vector,1000,10000,1000,0,1.369
Vector,1000,10000,100,100,0.970
Vector,1000,10000,100,10,0.965
Vector,1000,10000,100,1,0.966
Vector,1000,10000,100,0,1.246
Vector,1000,10000,10,10,1.032
Vector,1000,10000,10,1,1.037
Vector,1000,10000,10,0,1.118
Vector,1000,10000,1,1,3.727
Vector,1000,10000,1,0,1.317
Vector,1000,10000,0,0,0.381
Vector,1000,1000,1000,0,1.425
Vector,1000,1000,100,100,1.005
Vector,1000,1000,100,10,1.007
Vector,1000,1000,100,1,1.006
Vector,1000,1000,100,0,1.282
Vector,1000,1000,10,10,1.080
Vector,1000,1000,10,1,1.079
Vector,1000,1000,10,0,1.213
Vector,1000,1000,1,1,3.700
Vector,1000,1000,1,0,1.405
Vector,1000,1000,0,0,0.381
Vector,1000,100,100,0,1.227
Vector,1000,100,10,10,1.016
Vector,1000,100,10,1,1.021
Vector,1000,100,10,0,1.107
Vector,1000,100,1,1,3.696
Vector,1000,100,1,0,1.271
Vector,1000,100,0,0,0.379
Vector,1000,10,10,0,1.194
Vector,1000,10,1,1,4.101
Vector,1000,10,1,0,1.411
Vector,1000,10,0,0,0.380
Vector,26,1,1,0,0.653
Vector,26,1,0,0,0.247
Vector,100,100000,100000,0,49.142
Vector,100,100000,10000,10000,2.316
Vector,100,100000,10000,1000,1.714
Vector,100,100000,10000,100,1.644
Vector,100,100000,10000,10,1.642
Vector,100,100000,10000,1,1.640
Vector,100,100000,10000,0,5.090
Vector,100,100000,1000,1000,0.803
Vector,100,100000,1000,100,0.781
Vector,100,100000,1000,10,0.782
Vector,100,100000,1000,1,0.776
Vector,100,100000,1000,0,1.158
Vector,100,100000,100,100,0.744
Vector,100,100000,100,10,0.741
Vector,100,100000,100,1,0.764
Vector,100,100000,100,0,1.080
Vector,100,100000,10,10,0.841
Vector,100,100000,10,1,0.852
Vector,100,100000,10,0,0.938
Vector,100,100000,1,1,1.136
Vector,100,100000,1,0,0.932
Vector,100,100000,0,0,0.300
Vector,100,10000,10000,0,4.098
Vector,100,10000,1000,1000,0.747
Vector,100,10000,1000,100,0.728
Vector,100,10000,1000,10,0.777
Vector,100,10000,1000,1,0.776
Vector,100,10000,1000,0,1.107
Vector,100,10000,100,100,0.689
Vector,100,10000,100,10,0.704
Vector,100,10000,100,1,0.736
Vector,100,10000,100,0,1.023
Vector,100,10000,10,10,0.736
Vector,100,10000,10,1,0.732
Vector,100,10000,10,0,0.824
Vector,100,10000,1,1,1.070
Vector,100,10000,1,0,0.834
Vector,100,10000,0,0,0.300
Vector,100,1000,1000,0,1.127
Vector,100,1000,100,100,0.685
Vector,100,1000,100,10,0.695
Vector,100,1000,100,1,0.696
Vector,100,1000,100,0,0.984
Vector,100,1000,10,10,0.739
Vector,100,1000,10,1,0.749
Vector,100,1000,10,0,0.850
Vector,100,1000,1,1,0.997
Vector,100,1000,1,0,0.872
Vector,100,1000,0,0,0.300
Vector,100,100,100,0,0.959
Vector,100,100,10,10,0.709
Vector,100,100,10,1,0.720
Vector,100,100,10,0,0.811
Vector,100,100,1,1,1.110
Vector,100,100,1,0,0.923
Vector,100,100,0,0,0.300
Vector,100,10,10,0,0.851
Vector,100,10,1,1,1.196
Vector,100,10,1,0,0.939
Vector,100,10,0,0,0.300
Vector,24,1,1,0,0.642
Vector,24,1,0,0,0.242
Vector,10,1000000,1000000,0,515.496
Vector,10,1000000,100000,100000,20.208
Vector,10,1000000,100000,10000,14.095
Vector,10,1000000,100000,1000,13.234
Vector,10,1000000,100000,100,13.261
Vector,10,1000000,100000,10,13.187
Vector,10,1000000,100000,1,13.209
Vector,10,1000000,100000,0,50.692
Vector,10,1000000,10000,10000,1.977
Vector,10,1000000,10000,1000,1.360
Vector,10,1000000,10000,100,1.338
Vector,10,1000000,10000,10,1.334
Vector,10,1000000,10000,1,1.334
Vector,10,1000000,10000,0,3.802
Vector,10,1000000,1000,1000,0.448
Vector,10,1000000,1000,100,0.419
Vector,10,1000000,1000,10,0.419
Vector,10,1000000,1000,1,0.424
Vector,10,1000000,1000,0,0.862
Vector,10,1000000,100,100,0.398
Vector,10,1000000,100,10,0.390
Vector,10,1000000,100,1,0.405
Vector,10,1000000,100,0,0.703
Vector,10,1000000,10,10,0.397
Vector,10,1000000,10,1,0.405
Vector,10,1000000,10,0,0.504
Vector,10,1000000,1,1,0.442
Vector,10,1000000,1,0,0.471
Vector,10,1000000,0,0,0.214
Vector,10,100000,100000,0,48.544
Vector,10,100000,10000,10000,1.955
Vector,10,100000,10000,1000,1.321
Vector,10,100000,10000,100,1.294
Vector,10,100000,10000,10,1.295
Vector,10,100000,10000,1,1.296
Vector,10,100000,10000,0,3.728
Vector,10,100000,1000,1000,0.431
Vector,10,100000,1000,100,0.406
Vector,10,100000,1000,10,0.413
Vector,10,100000,1000,1,0.404
Vector,10,100000,1000,0,0.799
Vector,10,100000,100,100,0.365
Vector,10,100000,100,10,0.364
Vector,10,100000,100,1,0.364
Vector,10,100000,100,0,0.675
Vector,10,100000,10,10,0.410
Vector,10,100000,10,1,0.416
Vector,10,100000,10,0,0.517
Vector,10,100000,1,1,0.440
Vector,10,100000,1,0,0.463
Vector,10,100000,0,0,0.214
Vector,10,10000,10000,0,3.866
Vector,10,10000,1000,1000,0.448
Vector,10,10000,1000,100,0.446
Vector,10,10000,1000,10,0.445
Vector,10,10000,1000,1,0.443
Vector,10,10000,1000,0,0.872
Vector,10,10000,100,100,0.403
Vector,10,10000,100,10,0.401
Vector,10,10000,100,1,0.402
Vector,10,10000,100,0,0.712
Vector,10,10000,10,10,0.422
Vector,10,10000,10,1,0.422
Vector,10,10000,10,0,0.530
Vector,10,10000,1,1,0.464
Vector,10,10000,1,0,0.488
Vector,10,10000,0,0,0.214
Vector,10,1000,1000,0,0.850
Vector,10,1000,100,100,0.410
Vector,10,1000,100,10,0.420
Vector,10,1000,100,1,0.419
Vector,10,1000,100,0,0.716
Vector,10,1000,10,10,0.438
Vector,10,1000,10,1,0.450
Vector,10,1000,10,0,0.584
Vector,10,1000,1,1,0.487
Vector,10,1000,1,0,0.524
Vector,10,1000,0,0,0.214
Vector,10,100,100,0,0.703
Vector,10,100,10,10,0.413
Vector,10,100,10,1,0.421
Vector,10,100,10,0,0.527
Vector,10,100,1,1,0.444
Vector,10,100,1,0,0.500
Vector,10,100,0,0,0.215
Vector,10,10,10,0,0.468
Vector,10,10,1,1,0.478
Vector,10,10,1,0,0.457
Vector,10,10,0,0,0.214
Vector,9,1,1,0,0.500
Vector,9,1,0,0,0.217
Vector,1,1000000,1000000,0,413.707
Vector,1,1000000,100000,100000,4.775
Vector,1,1000000,100000,10000,3.303
Vector,1,1000000,100000,1000,3.151
Vector,1,1000000,100000,100,3.131
Vector,1,1000000,100000,10,3.132
Vector,1,1000000,100000,1,3.131
Vector,1,1000000,100000,0,40.636
Vector,1,1000000,10000,10000,0.502
Vector,1,1000000,10000,1000,0.341
Vector,1,1000000,10000,100,0.331
Vector,1,1000000,10000,10,0.332
Vector,1,1000000,10000,1,0.339
Vector,1,1000000,10000,0,5.847
Vector,1,1000000,1000,1000,0.171
Vector,1,1000000,1000,100,0.154
Vector,1,1000000,1000,10,0.154
Vector,1,1000000,1000,1,0.154
Vector,1,1000000,1000,0,0.570
Vector,1,1000000,100,100,0.140
Vector,1,1000000,100,10,0.140
Vector,1,1000000,100,1,0.140
Vector,1,1000000,100,0,0.449
Vector,1,1000000,10,10,0.146
Vector,1,1000000,10,1,0.147
Vector,1,1000000,10,0,0.269
Vector,1,1000000,1,1,0.146
Vector,1,1000000,1,0,0.211
Vector,1,1000000,0,0,0.170
Vector,1,100000,100000,0,38.659
Vector,1,100000,10000,10000,0.509
Vector,1,100000,10000,1000,0.349
Vector,1,100000,10000,100,0.345
Vector,1,100000,10000,10,0.341
Vector,1,100000,10000,1,0.342
Vector,1,100000,10000,0,3.326
Vector,1,100000,1000,1000,0.167
Vector,1,100000,1000,100,0.163
Vector,1,100000,1000,10,0.165
Vector,1,100000,1000,1,0.160
Vector,1,100000,1000,0,0.594
Vector,1,100000,100,100,0.144
Vector,1,100000,100,10,0.150
Vector,1,100000,100,1,0.151
Vector,1,100000,100,0,0.450
Vector,1,100000,10,10,0.150
Vector,1,100000,10,1,0.150
Vector,1,100000,10,0,0.286
Vector,1,100000,1,1,0.160
Vector,1,100000,1,0,0.222
Vector,1,100000,0,0,0.172
Vector,1,10000,10000,0,3.132
Vector,1,10000,1000,1000,0.164
Vector,1,10000,1000,100,0.154
Vector,1,10000,1000,10,0.154
Vector,1,10000,1000,1,0.154
Vector,1,10000,1000,0,0.598
Vector,1,10000,100,100,0.140
Vector,1,10000,100,10,0.141
Vector,1,10000,100,1,0.142
Vector,1,10000,100,0,0.470
Vector,1,10000,10,10,0.148
Vector,1,10000,10,1,0.148
Vector,1,10000,10,0,0.276
Vector,1,10000,1,1,0.156
Vector,1,10000,1,0,0.216
Vector,1,10000,0,0,0.170
Vector,1,1000,1000,0,0.602
Vector,1,1000,100,100,0.148
Vector,1,1000,100,10,0.155
Vector,1,1000,100,1,0.148
Vector,1,1000,100,0,0.494
Vector,1,1000,10,10,0.155
Vector,1,1000,10,1,0.155
Vector,1,1000,10,0,0.299
Vector,1,1000,1,1,0.161
Vector,1,1000,1,0,0.230
Vector,1,1000,0,0,0.170
Vector,1,100,100,0,0.478
Vector,1,100,10,10,0.148
Vector,1,100,10,1,0.149
Vector,1,100,10,0,0.291
Vector,1,100,1,1,0.154
Vector,1,100,1,0,0.212
Vector,1,100,0,0,0.170
Vector,1,10,10,0,0.308
Vector,1,10,1,1,0.175
Vector,1,10,1,0,0.223
Vector,1,10,0,0,0.170
Vector,1,1,1,0,0.228
Vector,1,1,0,0,0.170
VectorRange,1000000,10,10,0,2.337
VectorRange,1000000,10,1,1,1337.085
VectorRange,1000000,10,1,0,2.793
VectorRange,1000000,10,0,0,0.531
VectorRange,26,1,1,0,0.681
VectorRange,26,1,0,0,0.213
VectorRange,100000,100,100,0,2.136
VectorRange,100000,100,10,10,3.576
VectorRange,100000,100,10,1,132.680
VectorRange,100000,100,10,0,1.842
VectorRange,100000,100,1,1,131.001
VectorRange,100000,100,1,0,2.201
VectorRange,100000,100,0,0,0.478
VectorRange,100000,10,10,0,1.846
VectorRange,100000,10,1,1,124.251
VectorRange,100000,10,1,0,2.210
VectorRange,100000,10,0,0,0.479
VectorRange,26,1,1,0,0.680
VectorRange,26,1,0,0,0.213
VectorRange,10000,1000,1000,0,2.477
VectorRange,10000,1000,100,100,4.336
VectorRange,10000,1000,100,10,2.756
VectorRange,10000,1000,100,1,8.359
VectorRange,10000,1000,100,0,1.834
VectorRange,10000,1000,10,10,2.867
VectorRange,10000,1000,10,1,8.435
VectorRange,10000,1000,10,0,1.521
VectorRange,10000,1000,1,1,8.919
VectorRange,10000,1000,1,0,1.777
VectorRange,10000,1000,0,0,0.429
VectorRange,10000,100,100,0,1.891
VectorRange,10000,100,10,10,2.834
VectorRange,10000,100,10,1,8.537
VectorRange,10000,100,10,0,1.507
VectorRange,10000,100,1,1,8.916
VectorRange,10000,100,1,0,1.786
VectorRange,10000,100,0,0,0.428
VectorRange,10000,10,10,0,1.585
VectorRange,10000,10,1,1,8.993
VectorRange,10000,10,1,0,1.764
VectorRange,10000,10,0,0,0.428
VectorRange,26,1,1,0,0.681
VectorRange,26,1,0,0,0.213
VectorRange,1000,10000,10000,0,7.596
VectorRange,1000,10000,1000,1000,12.360
VectorRange,1000,10000,1000,100,3.636
VectorRange,1000,10000,1000,10,2.202
VectorRange,1000,10000,1000,1,2.861
VectorRange,1000,10000,1000,0,2.089
VectorRange,1000,10000,100,100,3.555
VectorRange,1000,10000,100,10,2.133
VectorRange,1000,10000,100,1,2.801
VectorRange,1000,10000,100,0,1.507
VectorRange,1000,10000,10,10,2.201
VectorRange,1000,10000,10,1,2.861
VectorRange,1000,10000,10,0,1.201
VectorRange,1000,10000,1,1,3.095
VectorRange,1000,10000,1,0,1.310
VectorRange,1000,10000,0,0,0.286
VectorRange,1000,1000,1000,0,2.092
VectorRange,1000,1000,100,100,3.503
VectorRange,1000,1000,100,10,2.159
VectorRange,1000,1000,100,1,2.796
VectorRange,1000,1000,100,0,1.550
VectorRange,1000,1000,10,10,2.239
VectorRange,1000,1000,10,1,2.864
VectorRange,1000,1000,10,0,1.205
VectorRange,1000,1000,1,1,3.094
VectorRange,1000,1000,1,0,1.337
VectorRange,1000,1000,0,0,0.287
VectorRange,1000,100,100,0,1.520
VectorRange,1000,100,10,10,2.169
VectorRange,1000,100,10,1,2.821
VectorRange,1000,100,10,0,1.170
VectorRange,1000,100,1,1,3.076
VectorRange,1000,100,1,0,1.277
VectorRange,1000,100,0,0,0.287
VectorRange,1000,10,10,0,1.188
VectorRange,1000,10,1,1,3.077
VectorRange,1000,10,1,0,1.325
VectorRange,1000,10,0,0,0.388
VectorRange,26,1,1,0,0.716
VectorRange,26,1,0,0,0.213
VectorRange,100,100000,100000,0,82.309
VectorRange,100,100000,10000,10000,100.187
VectorRange,100,100000,10000,1000,12.766
VectorRange,100,100000,10000,100,4.006
VectorRange,100,100000,10000,10,2.619
VectorRange,100,100000,10000,1,2.630
VectorRange,100,100000,10000,0,7.993
VectorRange,100,100000,1000,1000,11.804
VectorRange,100,100000,1000,100,3.002
VectorRange,100,100000,1000,10,1.647
VectorRange,100,100000,1000,1,1.649
VectorRange,100,100000,1000,0,1.819
VectorRange,100,100000,100,100,2.985
VectorRange,100,100000,100,10,1.603
VectorRange,100,100000,100,1,1.611
VectorRange,100,100000,100,0,1.277
VectorRange,100,100000,10,10,1.697
VectorRange,100,100000,10,1,1.652
VectorRange,100,100000,10,0,0.914
VectorRange,100,100000,1,1,1.718
VectorRange,100,100000,1,0,0.910
VectorRange,100,100000,0,0,0.229
VectorRange,100,10000,10000,0,9.980
VectorRange,100,10000,1000,1000,11.778
VectorRange,100,10000,1000,100,2.945
VectorRange,100,10000,1000,10,1.580
VectorRange,100,10000,1000,1,1.627
VectorRange,100,10000,1000,0,1.784
VectorRange,100,10000,100,100,2.887
VectorRange,100,10000,100,10,1.531
VectorRange,100,10000,100,1,1.571
VectorRange,100,10000,100,0,1.234
VectorRange,100,10000,10,10,1.570
VectorRange,100,10000,10,1,1.681
VectorRange,100,10000,10,0,0.955
VectorRange,100,10000,1,1,1.699
VectorRange,100,10000,1,0,0.884
VectorRange,100,10000,0,0,0.229
VectorRange,100,1000,1000,0,1.854
VectorRange,100,1000,100,100,2.842
VectorRange,100,1000,100,10,1.524
VectorRange,100,1000,100,1,1.524
VectorRange,100,1000,100,0,1.273
VectorRange,100,1000,10,10,1.702
VectorRange,100,1000,10,1,1.626
VectorRange,100,1000,10,0,0.975
VectorRange,100,1000,1,1,1.659
VectorRange,100,1000,1,0,0.914
VectorRange,100,1000,0,0,0.229
VectorRange,100,100,100,0,1.246
VectorRange,100,100,10,10,1.578
VectorRange,100,100,10,1,1.587
VectorRange,100,100,10,0,0.852
VectorRange,100,100,1,1,1.695
VectorRange,100,100,1,0,0.891
VectorRange,100,100,0,0,0.229
VectorRange,100,10,10,0,0.896
VectorRange,100,10,1,1,1.734
VectorRange,100,10,1,0,0.922
VectorRange,100,10,0,0,0.229
VectorRange,24,1,1,0,0.669
VectorRange,24,1,0,0,0.213
VectorRange,10,1000000,1000000,0,920.723
VectorRange,10,1000000,100000,100000,981.908
VectorRange,10,1000000,100000,10000,111.421
VectorRange,10,1000000,100000,1000,24.012
VectorRange,10,1000000,100000,100,15.269
VectorRange,10,1000000,100000,10,13.861
VectorRange,10,1000000,100000,1,13.699
VectorRange,10,1000000,100000,0,109.296
VectorRange,10,1000000,10000,10000,99.172
VectorRange,10,1000000,10000,1000,11.948
VectorRange,10,1000000,10000,100,3.183
VectorRange,10,1000000,10000,10,1.876
VectorRange,10,1000000,10000,1,1.807
VectorRange,10,1000000,10000,0,7.119
VectorRange,10,1000000,1000,1000,11.058
VectorRange,10,1000000,1000,100,2.275
VectorRange,10,1000000,1000,10,0.966
VectorRange,10,1000000,1000,1,0.899
VectorRange,10,1000000,1000,0,1.510
VectorRange,10,1000000,100,100,2.244
VectorRange,10,1000000,100,10,0.963
VectorRange,10,1000000,100,1,0.918
VectorRange,10,1000000,100,0,0.962
VectorRange,10,1000000,10,10,1.010
VectorRange,10,1000000,10,1,0.939
VectorRange,10,1000000,10,0,0.602
VectorRange,10,1000000,1,1,0.956
VectorRange,10,1000000,1,0,0.528
VectorRange,10,1000000,0,0,0.198
VectorRange,10,100000,100000,0,80.745
VectorRange,10,100000,10000,10000,99.127
VectorRange,10,100000,10000,1000,12.011
VectorRange,10,100000,10000,100,3.163
VectorRange,10,100000,10000,10,1.853
VectorRange,10,100000,10000,1,1.812
VectorRange,10,100000,10000,0,6.909
VectorRange,10,100000,1000,1000,11.105
VectorRange,10,100000,1000,100,2.200
VectorRange,10,100000,1000,10,0.905
VectorRange,10,100000,1000,1,0.854
VectorRange,10,100000,1000,0,1.478
VectorRange,10,100000,100,100,2.208
VectorRange,10,100000,100,10,0.863
VectorRange,10,100000,100,1,0.811
VectorRange,10,100000,100,0,0.914
VectorRange,10,100000,10,10,0.894
VectorRange,10,100000,10,1,0.833
VectorRange,10,100000,10,0,0.571
VectorRange,10,100000,1,1,0.848
VectorRange,10,100000,1,0,0.485
VectorRange,10,100000,0,0,0.198
VectorRange,10,10000,10000,0,7.077
VectorRange,10,10000,1000,1000,11.005
VectorRange,10,10000,1000,100,2.243
VectorRange,10,10000,1000,10,0.951
VectorRange,10,10000,1000,1,0.858
VectorRange,10,10000,1000,0,1.539
VectorRange,10,10000,100,100,2.203
VectorRange,10,10000,100,10,0.887
VectorRange,10,10000,100,1,0.813
VectorRange,10,10000,100,0,0.959
VectorRange,10,10000,10,10,0.906
VectorRange,10,10000,10,1,0.837
VectorRange,10,10000,10,0,0.634
VectorRange,10,10000,1,1,0.856
VectorRange,10,10000,1,0,0.493
VectorRange,10,10000,0,0,0.198
VectorRange,10,1000,1000,0,1.509
VectorRange,10,1000,100,100,2.212
VectorRange,10,1000,100,10,0.966
VectorRange,10,1000,100,1,0.898
VectorRange,10,1000,100,0,0.988
VectorRange,10,1000,10,10,1.040
VectorRange,10,1000,10,1,0.925
VectorRange,10,1000,10,0,0.618
VectorRange,10,1000,1,1,0.920
VectorRange,10,1000,1,0,0.527
VectorRange,10,1000,0,0,0.198
VectorRange,10,100,100,0,1.004
VectorRange,10,100,10,10,0.916
VectorRange,10,100,10,1,0.849
VectorRange,10,100,10,0,0.593
VectorRange,10,100,1,1,0.844
VectorRange,10,100,1,0,0.518
VectorRange,10,100,0,0,0.198
VectorRange,10,10,10,0,0.548
VectorRange,10,10,1,1,0.866
VectorRange,10,10,1,0,0.486
VectorRange,10,10,0,0,0.198
VectorRange,9,1,1,0,0.517
VectorRange,9,1,0,0,0.198
VectorRange,1,1000000,1000000,0,814.839
VectorRange,1,1000000,100000,100000,962.228
VectorRange,1,1000000,100000,10000,100.026
VectorRange,1,1000000,100000,1000,13.333
VectorRange,1,1000000,100000,100,4.647
VectorRange,1,1000000,100000,10,3.367
VectorRange,1,1000000,100000,1,3.281
VectorRange,1,1000000,100000,0,72.698
VectorRange,1,1000000,10000,10000,96.960
VectorRange,1,1000000,10000,1000,10.551
VectorRange,1,1000000,10000,100,1.868
VectorRange,1,1000000,10000,10,0.585
VectorRange,1,1000000,10000,1,0.497
VectorRange,1,1000000,10000,0,6.822
VectorRange,1,1000000,1000,1000,10.343
VectorRange,1,1000000,1000,100,1.681
VectorRange,1,1000000,1000,10,0.399
VectorRange,1,1000000,1000,1,0.310
VectorRange,1,1000000,1000,0,1.286
VectorRange,1,1000000,100,100,1.666
VectorRange,1,1000000,100,10,0.385
VectorRange,1,1000000,100,1,0.297
VectorRange,1,1000000,100,0,0.809
VectorRange,1,1000000,10,10,0.405
VectorRange,1,1000000,10,1,0.304
VectorRange,1,1000000,10,0,0.426
VectorRange,1,1000000,1,1,0.305
VectorRange,1,1000000,1,0,0.230
VectorRange,1,1000000,0,0,0.175
VectorRange,1,100000,100000,0,74.877
VectorRange,1,100000,10000,10000,96.904
VectorRange,1,100000,10000,1000,10.387
VectorRange,1,100000,10000,100,1.688
VectorRange,1,100000,10000,10,0.608
VectorRange,1,100000,10000,1,0.495
VectorRange,1,100000,10000,0,10.065
VectorRange,1,100000,1000,1000,10.193
VectorRange,1,100000,1000,100,1.511
VectorRange,1,100000,1000,10,0.436
VectorRange,1,100000,1000,1,0.334
VectorRange,1,100000,1000,0,1.295
VectorRange,1,100000,100,100,1.498
VectorRange,1,100000,100,10,0.426
VectorRange,1,100000,100,1,0.321
VectorRange,1,100000,100,0,0.805
VectorRange,1,100000,10,10,0.426
VectorRange,1,100000,10,1,0.328
VectorRange,1,100000,10,0,0.444
VectorRange,1,100000,1,1,0.299
VectorRange,1,100000,1,0,0.262
VectorRange,1,100000,0,0,0.175
VectorRange,1,10000,10000,0,6.178
VectorRange,1,10000,1000,1000,10.350
VectorRange,1,10000,1000,100,1.670
VectorRange,1,10000,1000,10,0.404
VectorRange,1,10000,1000,1,0.311
VectorRange,1,10000,1000,0,1.561
VectorRange,1,10000,100,100,1.668
VectorRange,1,10000,100,10,0.389
VectorRange,1,10000,100,1,0.302
VectorRange,1,10000,100,0,0.799
VectorRange,1,10000,10,10,0.396
VectorRange,1,10000,10,1,0.310
VectorRange,1,10000,10,0,0.459
VectorRange,1,10000,1,1,0.311
VectorRange,1,10000,1,0,0.249
VectorRange,1,10000,0,0,0.175
VectorRange,1,1000,1000,0,1.282
VectorRange,1,1000,100,100,1.492
VectorRange,1,1000,100,10,0.414
VectorRange,1,1000,100,1,0.281
VectorRange,1,1000,100,0,0.806
VectorRange,1,1000,10,10,0.422
VectorRange,1,1000,10,1,0.311
VectorRange,1,1000,10,0,0.433
VectorRange,1,1000,1,1,0.292
VectorRange,1,1000,1,0,0.266
VectorRange,1,1000,0,0,0.175
VectorRange,1,100,100,0,0.839
VectorRange,1,100,10,10,0.400
VectorRange,1,100,10,1,0.299
VectorRange,1,100,10,0,0.423
VectorRange,1,100,1,1,0.293
VectorRange,1,100,1,0,0.248
VectorRange,1,100,0,0,0.175
VectorRange,1,10,10,0,0.443
VectorRange,1,10,1,1,0.328
VectorRange,1,10,1,0,0.255
VectorRange,1,10,0,0,0.179
VectorRange,1,1,1,0,0.253
VectorRange,1,1,0,0,0.179
Trie<Pool>,1000000,10,10,0,0.194
Trie<Pool>,1000000,10,1,1,84433.201
Trie<Pool>,1000000,10,1,0,93790.409
Trie<Pool>,1000000,10,0,0,2423631.641
Trie<Pool>,26,1,1,0,0.058
Trie<Pool>,26,1,0,0,0.686
Trie<Pool>,100000,100,100,0,3.985
Trie<Pool>,100000,100,10,10,3.919
Trie<Pool>,100000,100,10,1,4.373
Trie<Pool>,100000,100,10,0,4.468
Trie<Pool>,100000,100,1,1,142443.211
Trie<Pool>,100000,100,1,0,143671.919
Trie<Pool>,100000,100,0,0,3732611.428
Trie<Pool>,100000,10,10,0,0.192
Trie<Pool>,100000,10,1,1,7862.336
Trie<Pool>,100000,10,1,0,9018.892
Trie<Pool>,100000,10,0,0,240717.696
Trie<Pool>,26,1,1,0,0.058
Trie<Pool>,26,1,0,0,0.686
Trie<Pool>,10000,1000,1000,0,43.367
Trie<Pool>,10000,1000,100,100,55.839
Trie<Pool>,10000,1000,100,10,62.430
Trie<Pool>,10000,1000,100,1,62.512
Trie<Pool>,10000,1000,100,0,63.836
Trie<Pool>,10000,1000,10,10,64.586
Trie<Pool>,10000,1000,10,1,64.944
Trie<Pool>,10000,1000,10,0,64.496
Trie<Pool>,10000,1000,1,1,132480.721
Trie<Pool>,10000,1000,1,0,132660.083
Trie<Pool>,10000,1000,0,0,3482043.797
Trie<Pool>,10000,100,100,0,3.842
Trie<Pool>,10000,100,10,10,4.206
Trie<Pool>,10000,100,10,1,4.687
Trie<Pool>,10000,100,10,0,4.735
Trie<Pool>,10000,100,1,1,13161.089
Trie<Pool>,10000,100,1,0,13260.300
Trie<Pool>,10000,100,0,0,355571.385
Trie<Pool>,10000,10,10,0,0.193
Trie<Pool>,10000,10,1,1,868.970
Trie<Pool>,10000,10,1,0,987.243
Trie<Pool>,10000,10,0,0,25282.535
Trie<Pool>,26,1,1,0,0.058
Trie<Pool>,26,1,0,0,0.687
Trie<Pool>,1000,10000,10000,0,433.672
Trie<Pool>,1000,10000,1000,1000,603.085
Trie<Pool>,1000,10000,1000,100,637.525
Trie<Pool>,1000,10000,1000,10,642.547
Trie<Pool>,1000,10000,1000,1,642.253
Trie<Pool>,1000,10000,1000,0,641.595
Trie<Pool>,1000,10000,100,100,666.519
Trie<Pool>,1000,10000,100,10,678.684
Trie<Pool>,1000,10000,100,1,673.099
Trie<Pool>,1000,10000,100,0,673.936
Trie<Pool>,1000,10000,10,10,663.060
Trie<Pool>,1000,10000,10,1,663.904
Trie<Pool>,1000,10000,10,0,664.195
Trie<Pool>,1000,10000,1,1,136681.547
Trie<Pool>,1000,10000,1,0,136717.069
Trie<Pool>,1000,10000,0,0,3495346.442
Trie<Pool>,1000,1000,1000,0,42.998
Trie<Pool>,1000,1000,100,100,55.154
Trie<Pool>,1000,1000,100,10,60.344
Trie<Pool>,1000,1000,100,1,60.827
Trie<Pool>,1000,1000,100,0,60.930
Trie<Pool>,1000,1000,10,10,62.548
Trie<Pool>,1000,1000,10,1,63.183
Trie<Pool>,1000,1000,10,0,63.156
Trie<Pool>,1000,1000,1,1,12244.320
Trie<Pool>,1000,1000,1,0,12306.225
Trie<Pool>,1000,1000,0,0,346170.603
Trie<Pool>,1000,100,100,0,3.865
Trie<Pool>,1000,100,10,10,4.179
Trie<Pool>,1000,100,10,1,4.672
Trie<Pool>,1000,100,10,0,4.760
Trie<Pool>,1000,100,1,1,1301.310
Trie<Pool>,1000,100,1,0,1310.400
Trie<Pool>,1000,100,0,0,32841.732
Trie<Pool>,1000,10,10,0,0.193
Trie<Pool>,1000,10,1,1,88.083
Trie<Pool>,1000,10,1,0,101.357
Trie<Pool>,1000,10,0,0,2715.271
Trie<Pool>,26,1,1,0,0.062
Trie<Pool>,26,1,0,0,0.689
Trie<Pool>,100,100000,100000,0,4988.857
Trie<Pool>,100,100000,10000,10000,6305.187
Trie<Pool>,100,100000,10000,1000,6783.930
Trie<Pool>,100,100000,10000,100,6831.171
Trie<Pool>,100,100000,10000,10,6837.038
Trie<Pool>,100,100000,10000,1,6832.873
Trie<Pool>,100,100000,10000,0,6826.965
Trie<Pool>,100,100000,1000,1000,6993.010
Trie<Pool>,100,100000,1000,100,7041.908
Trie<Pool>,100,100000,1000,10,7035.579
Trie<Pool>,100,100000,1000,1,7055.962
Trie<Pool>,100,100000,1000,0,7036.898
Trie<Pool>,100,100000,100,100,7029.927
Trie<Pool>,100,100000,100,10,7030.166
Trie<Pool>,100,100000,100,1,7028.137
Trie<Pool>,100,100000,100,0,7033.512
Trie<Pool>,100,100000,10,10,7023.808
Trie<Pool>,100,100000,10,1,7026.545
Trie<Pool>,100,100000,10,0,7016.690
Trie<Pool>,100,100000,1,1,136826.446
Trie<Pool>,100,100000,1,0,136921.973
Trie<Pool>,100,100000,0,0,3510283.141
Trie<Pool>,100,10000,10000,0,434.104
Trie<Pool>,100,10000,1000,1000,587.700
Trie<Pool>,100,10000,1000,100,638.369
Trie<Pool>,100,10000,1000,10,646.173
Trie<Pool>,100,10000,1000,1,646.520
Trie<Pool>,100,10000,1000,0,646.880
Trie<Pool>,100,10000,100,100,678.026
Trie<Pool>,100,10000,100,10,686.246
Trie<Pool>,100,10000,100,1,684.098
Trie<Pool>,100,10000,100,0,685.209
Trie<Pool>,100,10000,10,10,679.083
Trie<Pool>,100,10000,10,1,676.746
Trie<Pool>,100,10000,10,0,675.863
Trie<Pool>,100,10000,1,1,16765.521
Trie<Pool>,100,10000,1,0,16753.784
Trie<Pool>,100,10000,0,0,348209.829
Trie<Pool>,100,1000,1000,0,42.877
Trie<Pool>,100,1000,100,100,56.023
Trie<Pool>,100,1000,100,10,61.991
Trie<Pool>,100,1000,100,1,61.770
Trie<Pool>,100,1000,100,0,61.697
Trie<Pool>,100,1000,10,10,64.301
Trie<Pool>,100,1000,10,1,64.336
Trie<Pool>,100,1000,10,0,64.359
Trie<Pool>,100,1000,1,1,1088.576
Trie<Pool>,100,1000,1,0,1088.170
Trie<Pool>,100,1000,0,0,33769.028
Trie<Pool>,100,100,100,0,3.848
Trie<Pool>,100,100,10,10,4.206
Trie<Pool>,100,100,10,1,4.716
Trie<Pool>,100,100,10,0,4.781
Trie<Pool>,100,100,1,1,158.773
Trie<Pool>,100,100,1,0,160.213
Trie<Pool>,100,100,0,0,3264.443
Trie<Pool>,100,10,10,0,0.192
Trie<Pool>,100,10,1,1,8.159
Trie<Pool>,100,10,1,0,9.364
Trie<Pool>,100,10,0,0,229.726
Trie<Pool>,24,1,1,0,0.062
Trie<Pool>,24,1,0,0,0.577
Trie<Pool>,10,1000000,1000000,0,52341.223
Trie<Pool>,10,1000000,100000,100000,63363.321
Trie<Pool>,10,1000000,100000,10000,68074.240
Trie<Pool>,10,1000000,100000,1000,68470.076
Trie<Pool>,10,1000000,100000,100,68482.150
Trie<Pool>,10,1000000,100000,10,68482.195
Trie<Pool>,10,1000000,100000,1,68512.052
Trie<Pool>,10,1000000,100000,0,68459.575
Trie<Pool>,10,1000000,10000,10000,69650.104
Trie<Pool>,10,1000000,10000,1000,70135.963
Trie<Pool>,10,1000000,10000,100,69975.006
Trie<Pool>,10,1000000,10000,10,69974.868
Trie<Pool>,10,1000000,10000,1,69956.772
Trie<Pool>,10,1000000,10000,0,69913.040
Trie<Pool>,10,1000000,1000,1000,70011.005
Trie<Pool>,10,1000000,1000,100,70062.682
Trie<Pool>,10,1000000,1000,10,70061.446
Trie<Pool>,10,1000000,1000,1,70118.086
Trie<Pool>,10,1000000,1000,0,70055.404
Trie<Pool>,10,1000000,100,100,70167.964
Trie<Pool>,10,1000000,100,10,70325.967
Trie<Pool>,10,1000000,100,1,70931.531
Trie<Pool>,10,1000000,100,0,71178.971
Trie<Pool>,10,1000000,10,10,71662.066
Trie<Pool>,10,1000000,10,1,71190.817
Trie<Pool>,10,1000000,10,0,70931.520
Trie<Pool>,10,1000000,1,1,213187.511
Trie<Pool>,10,1000000,1,0,212826.367
Trie<Pool>,10,1000000,0,0,3558346.713
Trie<Pool>,10,100000,100000,0,4920.744
Trie<Pool>,10,100000,10000,10000,6270.409
Trie<Pool>,10,100000,10000,1000,6707.559
Trie<Pool>,10,100000,10000,100,6732.116
Trie<Pool>,10,100000,10000,10,6779.852
Trie<Pool>,10,100000,10000,1,6841.592
Trie<Pool>,10,100000,10000,0,6840.452
Trie<Pool>,10,100000,1000,1000,6997.412
Trie<Pool>,10,100000,1000,100,7057.996
Trie<Pool>,10,100000,1000,10,7071.452
Trie<Pool>,10,100000,1000,1,7075.355
Trie<Pool>,10,100000,1000,0,7071.430
Trie<Pool>,10,100000,100,100,7084.362
Trie<Pool>,10,100000,100,10,7029.876
Trie<Pool>,10,100000,100,1,7009.197
Trie<Pool>,10,100000,100,0,7022.691
Trie<Pool>,10,100000,10,10,7011.820
Trie<Pool>,10,100000,10,1,7011.537
Trie<Pool>,10,100000,10,0,7012.081
Trie<Pool>,10,100000,1,1,17118.683
Trie<Pool>,10,100000,1,0,17096.793
Trie<Pool>,10,100000,0,0,348077.859
Trie<Pool>,10,10000,10000,0,434.026
Trie<Pool>,10,10000,1000,1000,589.520
Trie<Pool>,10,10000,1000,100,636.701
Trie<Pool>,10,10000,1000,10,643.549
Trie<Pool>,10,10000,1000,1,645.832
Trie<Pool>,10,10000,1000,0,643.944
Trie<Pool>,10,10000,100,100,661.206
Trie<Pool>,10,10000,100,10,666.780
Trie<Pool>,10,10000,100,1,673.071
Trie<Pool>,10,10000,100,0,675.851
Trie<Pool>,10,10000,10,10,672.796
Trie<Pool>,10,10000,10,1,674.234
Trie<Pool>,10,10000,10,0,673.350
Trie<Pool>,10,10000,1,1,2408.206
Trie<Pool>,10,10000,1,0,2411.718
Trie<Pool>,10,10000,0,0,34220.732
Trie<Pool>,10,1000,1000,0,42.855
Trie<Pool>,10,1000,100,100,56.129
Trie<Pool>,10,1000,100,10,63.154
Trie<Pool>,10,1000,100,1,61.509
Trie<Pool>,10,1000,100,0,61.628
Trie<Pool>,10,1000,10,10,63.909
Trie<Pool>,10,1000,10,1,64.418
Trie<Pool>,10,1000,10,0,64.305
Trie<Pool>,10,1000,1,1,129.284
Trie<Pool>,10,1000,1,0,128.929
Trie<Pool>,10,1000,0,0,3297.031
Trie<Pool>,10,100,100,0,3.819
Trie<Pool>,10,100,10,10,4.208
Trie<Pool>,10,100,10,1,4.758
Trie<Pool>,10,100,10,0,4.808
Trie<Pool>,10,100,1,1,14.518
Trie<Pool>,10,100,1,0,14.615
Trie<Pool>,10,100,0,0,283.537
Trie<Pool>,10,10,10,0,0.194
Trie<Pool>,10,10,1,1,1.938
Trie<Pool>,10,10,1,0,2.223
Trie<Pool>,10,10,0,0,17.277
Trie<Pool>,9,1,1,0,0.054
Trie<Pool>,9,1,0,0,0.380
Trie<Pool>,1,1000000,1000000,0,44548.606
Trie<Pool>,1,1000000,100000,100000,18831.598
Trie<Pool>,1,1000000,100000,10000,20040.527
Trie<Pool>,1,1000000,100000,1000,20275.343
Trie<Pool>,1,1000000,100000,100,20284.272
Trie<Pool>,1,1000000,100000,10,20145.355
Trie<Pool>,1,1000000,100000,1,20109.855
Trie<Pool>,1,1000000,100000,0,20089.823
Trie<Pool>,1,1000000,10000,10000,17355.371
Trie<Pool>,1,1000000,10000,1000,17469.977
Trie<Pool>,1,1000000,10000,100,17470.030
Trie<Pool>,1,1000000,10000,10,17473.174
Trie<Pool>,1,1000000,10000,1,17484.444
Trie<Pool>,1,1000000,10000,0,17469.788
Trie<Pool>,1,1000000,1000,1000,17303.667
Trie<Pool>,1,1000000,1000,100,17793.354
Trie<Pool>,1,1000000,1000,10,17283.656
Trie<Pool>,1,1000000,1000,1,17264.830
Trie<Pool>,1,1000000,1000,0,17225.193
Trie<Pool>,1,1000000,100,100,17349.522
Trie<Pool>,1,1000000,100,10,17658.775
Trie<Pool>,1,1000000,100,1,17479.346
Trie<Pool>,1,1000000,100,0,17521.238
Trie<Pool>,1,1000000,10,10,17557.050
Trie<Pool>,1,1000000,10,1,17508.756
Trie<Pool>,1,1000000,10,0,17441.607
Trie<Pool>,1,1000000,1,1,17411.523
Trie<Pool>,1,1000000,1,0,17405.424
Trie<Pool>,1,1000000,0,0,348778.186
Trie<Pool>,1,100000,100000,0,4304.584
Trie<Pool>,1,100000,10000,10000,1791.670
Trie<Pool>,1,100000,10000,1000,1926.987
Trie<Pool>,1,100000,10000,100,1938.112
Trie<Pool>,1,100000,10000,10,1939.304
Trie<Pool>,1,100000,10000,1,1940.560
Trie<Pool>,1,100000,10000,0,1958.705
Trie<Pool>,1,100000,1000,1000,1682.014
Trie<Pool>,1,100000,1000,100,1699.396
Trie<Pool>,1,100000,1000,10,1700.392
Trie<Pool>,1,100000,1000,1,1701.077
Trie<Pool>,1,100000,1000,0,1701.117
Trie<Pool>,1,100000,100,100,1678.184
Trie<Pool>,1,100000,100,10,1678.141
Trie<Pool>,1,100000,100,1,1678.445
Trie<Pool>,1,100000,100,0,1676.268
Trie<Pool>,1,100000,10,10,1697.522
Trie<Pool>,1,100000,10,1,1690.421
Trie<Pool>,1,100000,10,0,1687.475
Trie<Pool>,1,100000,1,1,5010.440
Trie<Pool>,1,100000,1,0,4997.596
Trie<Pool>,1,100000,0,0,33437.297
Trie<Pool>,1,10000,10000,0,429.495
Trie<Pool>,1,10000,1000,1000,176.952
Trie<Pool>,1,10000,1000,100,189.983
Trie<Pool>,1,10000,1000,10,195.390
Trie<Pool>,1,10000,1000,1,195.369
Trie<Pool>,1,10000,1000,0,194.730
Trie<Pool>,1,10000,100,100,167.162
Trie<Pool>,1,10000,100,10,168.995
Trie<Pool>,1,10000,100,1,169.348
Trie<Pool>,1,10000,100,0,170.334
Trie<Pool>,1,10000,10,10,170.121
Trie<Pool>,1,10000,10,1,168.438
Trie<Pool>,1,10000,10,0,169.630
Trie<Pool>,1,10000,1,1,336.903
Trie<Pool>,1,10000,1,0,335.740
Trie<Pool>,1,10000,0,0,3347.848
Trie<Pool>,1,1000,1000,0,42.386
Trie<Pool>,1,1000,100,100,14.569
Trie<Pool>,1,1000,100,10,15.726
Trie<Pool>,1,1000,100,1,16.041
Trie<Pool>,1,1000,100,0,16.148
Trie<Pool>,1,1000,10,10,13.707
Trie<Pool>,1,1000,10,1,13.608
Trie<Pool>,1,1000,10,0,13.685
Trie<Pool>,1,1000,1,1,27.210
Trie<Pool>,1,1000,1,0,26.938
Trie<Pool>,1,1000,0,0,267.103
Trie<Pool>,1,100,100,0,3.536
Trie<Pool>,1,100,10,10,0.976
Trie<Pool>,1,100,10,1,1.067
Trie<Pool>,1,100,10,0,1.066
Trie<Pool>,1,100,1,1,2.957
Trie<Pool>,1,100,1,0,2.940
Trie<Pool>,1,100,0,0,19.438
Trie<Pool>,1,10,10,0,0.191
Trie<Pool>,1,10,1,1,0.614
Trie<Pool>,1,10,1,0,0.656
Trie<Pool>,1,10,0,0,1.850
Trie<Pool>,1,1,1,0,0.047
Trie<Pool>,1,1,0,0,0.242
Trie<Alloc>,1000000,10,10,0,0.159
Trie<Alloc>,1000000,10,1,1,179403.691
Trie<Alloc>,1000000,10,1,0,200344.948
Trie<Alloc>,1000000,10,0,0,5286615.195
Trie<Alloc>,26,1,1,0,0.082
Trie<Alloc>,26,1,0,0,0.913
Trie<Alloc>,100000,100,100,0,2.474
Trie<Alloc>,100000,100,10,10,6.013
Trie<Alloc>,100000,100,10,1,6.637
Trie<Alloc>,100000,100,10,0,6.742
Trie<Alloc>,100000,100,1,1,202057.600
Trie<Alloc>,100000,100,1,0,203672.228
Trie<Alloc>,100000,100,0,0,5295897.914
Trie<Alloc>,100000,10,10,0,0.134
Trie<Alloc>,100000,10,1,1,16115.533
Trie<Alloc>,100000,10,1,0,18206.898
Trie<Alloc>,100000,10,0,0,570826.746
Trie<Alloc>,26,1,1,0,0.083
Trie<Alloc>,26,1,0,0,0.918
Trie<Alloc>,10000,1000,1000,0,45.651
Trie<Alloc>,10000,1000,100,100,79.577
Trie<Alloc>,10000,1000,100,10,86.465
Trie<Alloc>,10000,1000,100,1,87.264
Trie<Alloc>,10000,1000,100,0,87.296
Trie<Alloc>,10000,1000,10,10,89.377
Trie<Alloc>,10000,1000,10,1,91.111
Trie<Alloc>,10000,1000,10,0,90.155
Trie<Alloc>,10000,1000,1,1,191821.170
Trie<Alloc>,10000,1000,1,0,191325.922
Trie<Alloc>,10000,1000,0,0,5016043.896
Trie<Alloc>,10000,100,100,0,2.470
Trie<Alloc>,10000,100,10,10,5.969
Trie<Alloc>,10000,100,10,1,6.642
Trie<Alloc>,10000,100,10,0,6.723
Trie<Alloc>,10000,100,1,1,19933.207
Trie<Alloc>,10000,100,1,0,20045.065
Trie<Alloc>,10000,100,0,0,530928.593
Trie<Alloc>,10000,10,10,0,0.135
Trie<Alloc>,10000,10,1,1,1251.690
Trie<Alloc>,10000,10,1,0,1433.993
Trie<Alloc>,10000,10,0,0,40217.572
Trie<Alloc>,26,1,1,0,0.082
Trie<Alloc>,26,1,0,0,0.913
Trie<Alloc>,1000,10000,10000,0,618.723
Trie<Alloc>,1000,10000,1000,1000,820.198
Trie<Alloc>,1000,10000,1000,100,891.224
Trie<Alloc>,1000,10000,1000,10,899.614
Trie<Alloc>,1000,10000,1000,1,900.984
Trie<Alloc>,1000,10000,1000,0,900.740
Trie<Alloc>,1000,10000,100,100,922.608
Trie<Alloc>,1000,10000,100,10,928.189
Trie<Alloc>,1000,10000,100,1,928.269
Trie<Alloc>,1000,10000,100,0,929.289
Trie<Alloc>,1000,10000,10,10,930.340
Trie<Alloc>,1000,10000,10,1,932.390
Trie<Alloc>,1000,10000,10,0,931.464
Trie<Alloc>,1000,10000,1,1,195554.782
Trie<Alloc>,1000,10000,1,0,195863.332
Trie<Alloc>,1000,10000,0,0,5008433.646
Trie<Alloc>,1000,1000,1000,0,46.591
Trie<Alloc>,1000,1000,100,100,79.320
Trie<Alloc>,1000,1000,100,10,86.389
Trie<Alloc>,1000,1000,100,1,87.041
Trie<Alloc>,1000,1000,100,0,87.143
Trie<Alloc>,1000,1000,10,10,89.527
Trie<Alloc>,1000,1000,10,1,90.219
Trie<Alloc>,1000,1000,10,0,90.337
Trie<Alloc>,1000,1000,1,1,17854.043
Trie<Alloc>,1000,1000,1,0,17868.335
Trie<Alloc>,1000,1000,0,0,501225.340
Trie<Alloc>,1000,100,100,0,2.350
Trie<Alloc>,1000,100,10,10,6.154
Trie<Alloc>,1000,100,10,1,6.780
Trie<Alloc>,1000,100,10,0,6.811
Trie<Alloc>,1000,100,1,1,1814.811
Trie<Alloc>,1000,100,1,0,1831.222
Trie<Alloc>,1000,100,0,0,46923.116
Trie<Alloc>,1000,10,10,0,0.134
Trie<Alloc>,1000,10,1,1,126.534
Trie<Alloc>,1000,10,1,0,146.281
Trie<Alloc>,1000,10,0,0,3967.077
Trie<Alloc>,26,1,1,0,0.082
Trie<Alloc>,26,1,0,0,0.914
Trie<Alloc>,100,100000,100000,0,15808.056
Trie<Alloc>,100,100000,10000,10000,12819.459
Trie<Alloc>,100,100000,10000,1000,12070.971
Trie<Alloc>,100,100000,10000,100,12139.203
Trie<Alloc>,100,100000,10000,10,12104.612
Trie<Alloc>,100,100000,10000,1,12159.903
Trie<Alloc>,100,100000,10000,0,12105.510
Trie<Alloc>,100,100000,1000,1000,10434.863
Trie<Alloc>,100,100000,1000,100,10474.883
Trie<Alloc>,100,100000,1000,10,10484.269
Trie<Alloc>,100,100000,1000,1,10515.450
Trie<Alloc>,100,100000,1000,0,10455.940
Trie<Alloc>,100,100000,100,100,10335.767
Trie<Alloc>,100,100000,100,10,10337.857
Trie<Alloc>,100,100000,100,1,10373.737
Trie<Alloc>,100,100000,100,0,10338.987
Trie<Alloc>,100,100000,10,10,10343.113
Trie<Alloc>,100,100000,10,1,10334.576
Trie<Alloc>,100,100000,10,0,10329.852
Trie<Alloc>,100,100000,1,1,201550.014
Trie<Alloc>,100,100000,1,0,201857.976
Trie<Alloc>,100,100000,0,0,5179245.401
Trie<Alloc>,100,10000,10000,0,618.502
Trie<Alloc>,100,10000,1000,1000,818.867
Trie<Alloc>,100,10000,1000,100,889.905
Trie<Alloc>,100,10000,1000,10,898.686
Trie<Alloc>,100,10000,1000,1,899.186
Trie<Alloc>,100,10000,1000,0,899.621
Trie<Alloc>,100,10000,100,100,919.993
Trie<Alloc>,100,10000,100,10,927.306
Trie<Alloc>,100,10000,100,1,927.828
Trie<Alloc>,100,10000,100,0,928.816
Trie<Alloc>,100,10000,10,10,930.367
Trie<Alloc>,100,10000,10,1,931.141
Trie<Alloc>,100,10000,10,0,930.765
Trie<Alloc>,100,10000,1,1,24061.384
Trie<Alloc>,100,10000,1,0,24212.238
Trie<Alloc>,100,10000,0,0,501608.385
Trie<Alloc>,100,1000,1000,0,43.294
Trie<Alloc>,100,1000,100,100,79.326
Trie<Alloc>,100,1000,100,10,86.251
Trie<Alloc>,100,1000,100,1,87.043
Trie<Alloc>,100,1000,100,0,87.215
Trie<Alloc>,100,1000,10,10,89.695
Trie<Alloc>,100,1000,10,1,90.280
Trie<Alloc>,100,1000,10,0,90.308
Trie<Alloc>,100,1000,1,1,1507.807
Trie<Alloc>,100,1000,1,0,1509.213
Trie<Alloc>,100,1000,0,0,47013.713
Trie<Alloc>,100,100,100,0,2.236
Trie<Alloc>,100,100,10,10,5.910
Trie<Alloc>,100,100,10,1,6.599
Trie<Alloc>,100,100,10,0,6.827
Trie<Alloc>,100,100,1,1,223.406
Trie<Alloc>,100,100,1,0,225.488
Trie<Alloc>,100,100,0,0,4588.607
Trie<Alloc>,100,10,10,0,0.134
Trie<Alloc>,100,10,1,1,12.676
Trie<Alloc>,100,10,1,0,14.393
Trie<Alloc>,100,10,0,0,332.379
Trie<Alloc>,24,1,1,0,0.083
Trie<Alloc>,24,1,0,0,0.861
Trie<Alloc>,10,1000000,1000000,0,289935.595
Trie<Alloc>,10,1000000,100000,100000,142163.201
Trie<Alloc>,10,1000000,100000,10000,127780.037
Trie<Alloc>,10,1000000,100000,1000,126780.771
Trie<Alloc>,10,1000000,100000,100,127033.822
Trie<Alloc>,10,1000000,100000,10,126709.250
Trie<Alloc>,10,1000000,100000,1,126799.986
Trie<Alloc>,10,1000000,100000,0,127036.412
Trie<Alloc>,10,1000000,10000,10000,111415.596
Trie<Alloc>,10,1000000,10000,1000,110525.656
Trie<Alloc>,10,1000000,10000,100,110363.635
Trie<Alloc>,10,1000000,10000,10,111470.310
Trie<Alloc>,10,1000000,10000,1,109773.695
Trie<Alloc>,10,1000000,10000,0,110143.605
Trie<Alloc>,10,1000000,1000,1000,108297.773
Trie<Alloc>,10,1000000,1000,100,108063.993
Trie<Alloc>,10,1000000,1000,10,111342.668
Trie<Alloc>,10,1000000,1000,1,108162.229
Trie<Alloc>,10,1000000,1000,0,108090.510
Trie<Alloc>,10,1000000,100,100,108317.790
Trie<Alloc>,10,1000000,100,10,108071.000
Trie<Alloc>,10,1000000,100,1,107855.445
Trie<Alloc>,10,1000000,100,0,108158.223
Trie<Alloc>,10,1000000,10,10,108786.800
Trie<Alloc>,10,1000000,10,1,108043.979
Trie<Alloc>,10,1000000,10,0,108213.740
Trie<Alloc>,10,1000000,1,1,324009.494
Trie<Alloc>,10,1000000,1,0,323402.172
Trie<Alloc>,10,1000000,0,0,5424549.912
Trie<Alloc>,10,100000,100000,0,14477.181
Trie<Alloc>,10,100000,10000,10000,12716.590
Trie<Alloc>,10,100000,10000,1000,11874.694
Trie<Alloc>,10,100000,10000,100,11898.090
Trie<Alloc>,10,100000,10000,10,11894.269
Trie<Alloc>,10,100000,10000,1,11900.444
Trie<Alloc>,10,100000,10000,0,11901.316
Trie<Alloc>,10,100000,1000,1000,10386.314
Trie<Alloc>,10,100000,1000,100,10455.912
Trie<Alloc>,10,100000,1000,10,10445.345
Trie<Alloc>,10,100000,1000,1,10446.727
Trie<Alloc>,10,100000,1000,0,10450.711
Trie<Alloc>,10,100000,100,100,10325.381
Trie<Alloc>,10,100000,100,10,10329.824
Trie<Alloc>,10,100000,100,1,10342.956
Trie<Alloc>,10,100000,100,0,10359.118
Trie<Alloc>,10,100000,10,10,10314.418
Trie<Alloc>,10,100000,10,1,10472.867
Trie<Alloc>,10,100000,10,0,10342.221
Trie<Alloc>,10,100000,1,1,25448.245
Trie<Alloc>,10,100000,1,0,25562.308
Trie<Alloc>,10,100000,0,0,517410.795
Trie<Alloc>,10,10000,10000,0,617.457
Trie<Alloc>,10,10000,1000,1000,823.648
Trie<Alloc>,10,10000,1000,100,889.382
Trie<Alloc>,10,10000,1000,10,898.202
Trie<Alloc>,10,10000,1000,1,898.954
Trie<Alloc>,10,10000,1000,0,899.490
Trie<Alloc>,10,10000,100,100,919.555
Trie<Alloc>,10,10000,100,10,926.356
Trie<Alloc>,10,10000,100,1,927.615
Trie<Alloc>,10,10000,100,0,927.244
Trie<Alloc>,10,10000,10,10,930.130
Trie<Alloc>,10,10000,10,1,929.790
Trie<Alloc>,10,10000,10,0,929.817
Trie<Alloc>,10,10000,1,1,3264.377
Trie<Alloc>,10,10000,1,0,3266.276
Trie<Alloc>,10,10000,0,0,46909.871
Trie<Alloc>,10,1000,1000,0,43.301
Trie<Alloc>,10,1000,100,100,79.836
Trie<Alloc>,10,1000,100,10,86.397
Trie<Alloc>,10,1000,100,1,87.078
Trie<Alloc>,10,1000,100,0,87.195
Trie<Alloc>,10,1000,10,10,89.703
Trie<Alloc>,10,1000,10,1,90.493
Trie<Alloc>,10,1000,10,0,90.500
Trie<Alloc>,10,1000,1,1,181.744
Trie<Alloc>,10,1000,1,0,181.545
Trie<Alloc>,10,1000,0,0,4617.340
Trie<Alloc>,10,100,100,0,2.264
Trie<Alloc>,10,100,10,10,5.955
Trie<Alloc>,10,100,10,1,6.633
Trie<Alloc>,10,100,10,0,6.708
Trie<Alloc>,10,100,1,1,20.780
Trie<Alloc>,10,100,1,0,20.923
Trie<Alloc>,10,100,0,0,406.937
Trie<Alloc>,10,10,10,0,0.135
Trie<Alloc>,10,10,1,1,3.099
Trie<Alloc>,10,10,1,0,3.485
Trie<Alloc>,10,10,0,0,26.817
Trie<Alloc>,9,1,1,0,0.063
Trie<Alloc>,9,1,0,0,0.503
Trie<Alloc>,1,1000000,1000000,0,89190.359
Trie<Alloc>,1,1000000,100000,100000,37312.735
Trie<Alloc>,1,1000000,100000,10000,33381.882
Trie<Alloc>,1,1000000,100000,1000,33615.038
Trie<Alloc>,1,1000000,100000,100,33478.518
Trie<Alloc>,1,1000000,100000,10,33428.141
Trie<Alloc>,1,1000000,100000,1,33331.144
Trie<Alloc>,1,1000000,100000,0,33286.698
Trie<Alloc>,1,1000000,10000,10000,27579.753
Trie<Alloc>,1,1000000,10000,1000,27570.885
Trie<Alloc>,1,1000000,10000,100,27589.577
Trie<Alloc>,1,1000000,10000,10,27607.914
Trie<Alloc>,1,1000000,10000,1,27660.671
Trie<Alloc>,1,1000000,10000,0,27583.334
Trie<Alloc>,1,1000000,1000,1000,27069.387
Trie<Alloc>,1,1000000,1000,100,27105.441
Trie<Alloc>,1,1000000,1000,10,27130.955
Trie<Alloc>,1,1000000,1000,1,27074.563
Trie<Alloc>,1,1000000,1000,0,27136.923
Trie<Alloc>,1,1000000,100,100,27087.626
Trie<Alloc>,1,1000000,100,10,26933.819
Trie<Alloc>,1,1000000,100,1,26914.377
Trie<Alloc>,1,1000000,100,0,26940.977
Trie<Alloc>,1,1000000,10,10,27225.749
Trie<Alloc>,1,1000000,10,1,26867.142
Trie<Alloc>,1,1000000,10,0,26928.915
Trie<Alloc>,1,1000000,1,1,26923.329
Trie<Alloc>,1,1000000,1,0,26925.131
Trie<Alloc>,1,1000000,0,0,537393.088
Trie<Alloc>,1,100000,100000,0,3382.663
Trie<Alloc>,1,100000,10000,10000,2359.251
Trie<Alloc>,1,100000,10000,1000,2483.689
Trie<Alloc>,1,100000,10000,100,2499.757
Trie<Alloc>,1,100000,10000,10,2503.523
Trie<Alloc>,1,100000,10000,1,2540.441
Trie<Alloc>,1,100000,10000,0,2499.225
Trie<Alloc>,1,100000,1000,1000,2349.683
Trie<Alloc>,1,100000,1000,100,2367.622
Trie<Alloc>,1,100000,1000,10,2384.995
Trie<Alloc>,1,100000,1000,1,2389.919
Trie<Alloc>,1,100000,1000,0,2368.272
Trie<Alloc>,1,100000,100,100,2356.062
Trie<Alloc>,1,100000,100,10,2354.392
Trie<Alloc>,1,100000,100,1,2368.164
Trie<Alloc>,1,100000,100,0,2377.941
Trie<Alloc>,1,100000,10,10,2374.723
Trie<Alloc>,1,100000,10,1,2373.316
Trie<Alloc>,1,100000,10,0,2372.811
Trie<Alloc>,1,100000,1,1,7130.509
Trie<Alloc>,1,100000,1,0,7134.251
Trie<Alloc>,1,100000,0,0,47223.015
Trie<Alloc>,1,10000,10000,0,331.384
Trie<Alloc>,1,10000,1000,1000,220.688
Trie<Alloc>,1,10000,1000,100,238.912
Trie<Alloc>,1,10000,1000,10,240.851
Trie<Alloc>,1,10000,1000,1,240.953
Trie<Alloc>,1,10000,1000,0,240.871
Trie<Alloc>,1,10000,100,100,229.637
Trie<Alloc>,1,10000,100,10,231.577
Trie<Alloc>,1,10000,100,1,231.851
Trie<Alloc>,1,10000,100,0,231.847
Trie<Alloc>,1,10000,10,10,230.991
Trie<Alloc>,1,10000,10,1,231.180
Trie<Alloc>,1,10000,10,0,231.320
Trie<Alloc>,1,10000,1,1,462.414
Trie<Alloc>,1,10000,1,0,462.178
Trie<Alloc>,1,10000,0,0,4625.164
Trie<Alloc>,1,1000,1000,0,25.374
Trie<Alloc>,1,1000,100,100,18.590
Trie<Alloc>,1,1000,100,10,20.248
Trie<Alloc>,1,1000,100,1,20.405
Trie<Alloc>,1,1000,100,0,20.339
Trie<Alloc>,1,1000,10,10,20.265
Trie<Alloc>,1,1000,10,1,20.518
Trie<Alloc>,1,1000,10,0,20.681
Trie<Alloc>,1,1000,1,1,41.204
Trie<Alloc>,1,1000,1,0,41.213
Trie<Alloc>,1,1000,0,0,411.128
Trie<Alloc>,1,100,100,0,1.869
Trie<Alloc>,1,100,10,10,1.371
Trie<Alloc>,1,100,10,1,1.502
Trie<Alloc>,1,100,10,0,1.514
Trie<Alloc>,1,100,1,1,4.643
Trie<Alloc>,1,100,1,0,4.694
Trie<Alloc>,1,100,0,0,31.208
Trie<Alloc>,1,10,10,0,0.145
Trie<Alloc>,1,10,1,1,0.928
Trie<Alloc>,1,10,1,0,1.020
Trie<Alloc>,1,10,0,0,2.988
Trie<Alloc>,1,1,1,0,0.049
Trie<Alloc>,1,1,0,0,0.354
TrieMix<Pool>,1000000,10,10,0,0.581
TrieMix<Pool>,1000000,10,1,1,5368.520
TrieMix<Pool>,1000000,10,1,0,137908.444
TrieMix<Pool>,1000000,10,0,0,3679157.396
TrieMix<Pool>,26,1,1,0,0.403
TrieMix<Pool>,26,1,0,0,1.444
TrieMix<Pool>,100000,100,100,0,2.430
TrieMix<Pool>,100000,100,10,10,7.285
TrieMix<Pool>,100000,100,10,1,8.283
TrieMix<Pool>,100000,100,10,0,33.541
TrieMix<Pool>,100000,100,1,1,6524.904
TrieMix<Pool>,100000,100,1,0,173560.248
TrieMix<Pool>,100000,100,0,0,4492556.227
TrieMix<Pool>,100000,10,10,0,0.548
TrieMix<Pool>,100000,10,1,1,441.742
TrieMix<Pool>,100000,10,1,0,12057.317
TrieMix<Pool>,100000,10,0,0,366552.506
TrieMix<Pool>,26,1,1,0,0.402
TrieMix<Pool>,26,1,0,0,1.506
TrieMix<Pool>,10000,1000,1000,0,18.839
TrieMix<Pool>,10000,1000,100,100,80.352
TrieMix<Pool>,10000,1000,100,10,87.548
TrieMix<Pool>,10000,1000,100,1,88.413
TrieMix<Pool>,10000,1000,100,0,100.439
TrieMix<Pool>,10000,1000,10,10,94.959
TrieMix<Pool>,10000,1000,10,1,95.476
TrieMix<Pool>,10000,1000,10,0,106.933
TrieMix<Pool>,10000,1000,1,1,6628.231
TrieMix<Pool>,10000,1000,1,0,169274.143
TrieMix<Pool>,10000,1000,0,0,4441749.651
TrieMix<Pool>,10000,100,100,0,2.334
TrieMix<Pool>,10000,100,10,10,7.167
TrieMix<Pool>,10000,100,10,1,7.609
TrieMix<Pool>,10000,100,10,0,13.079
TrieMix<Pool>,10000,100,1,1,656.151
TrieMix<Pool>,10000,100,1,0,16860.473
TrieMix<Pool>,10000,100,0,0,441023.881
TrieMix<Pool>,10000,10,10,0,0.550
TrieMix<Pool>,10000,10,1,1,43.243
TrieMix<Pool>,10000,10,1,0,1264.046
TrieMix<Pool>,10000,10,0,0,32529.322
TrieMix<Pool>,26,1,1,0,0.411
TrieMix<Pool>,26,1,0,0,1.445
TrieMix<Pool>,1000,10000,10000,0,183.840
TrieMix<Pool>,1000,10000,1000,1000,821.658
TrieMix<Pool>,1000,10000,1000,100,893.056
TrieMix<Pool>,1000,10000,1000,10,899.990
TrieMix<Pool>,1000,10000,1000,1,900.967
TrieMix<Pool>,1000,10000,1000,0,903.292
TrieMix<Pool>,1000,10000,100,100,965.722
TrieMix<Pool>,1000,10000,100,10,973.484
TrieMix<Pool>,1000,10000,100,1,973.755
TrieMix<Pool>,1000,10000,100,0,977.570
TrieMix<Pool>,1000,10000,10,10,979.004
TrieMix<Pool>,1000,10000,10,1,979.350
TrieMix<Pool>,1000,10000,10,0,982.362
TrieMix<Pool>,1000,10000,1,1,5619.665
TrieMix<Pool>,1000,10000,1,0,174194.241
TrieMix<Pool>,1000,10000,0,0,4452540.464
TrieMix<Pool>,1000,1000,1000,0,18.843
TrieMix<Pool>,1000,1000,100,100,81.401
TrieMix<Pool>,1000,1000,100,10,87.823
TrieMix<Pool>,1000,1000,100,1,88.601
TrieMix<Pool>,1000,1000,100,0,90.433
TrieMix<Pool>,1000,1000,10,10,95.067
TrieMix<Pool>,1000,1000,10,1,95.922
TrieMix<Pool>,1000,1000,10,0,97.934
TrieMix<Pool>,1000,1000,1,1,668.070
TrieMix<Pool>,1000,1000,1,0,15844.999
TrieMix<Pool>,1000,1000,0,0,444630.029
TrieMix<Pool>,1000,100,100,0,2.224
TrieMix<Pool>,1000,100,10,10,7.435
TrieMix<Pool>,1000,100,10,1,7.791
TrieMix<Pool>,1000,100,10,0,9.461
TrieMix<Pool>,1000,100,1,1,57.449
TrieMix<Pool>,1000,100,1,0,1745.272
TrieMix<Pool>,1000,100,0,0,42947.426
TrieMix<Pool>,1000,10,10,0,0.538
TrieMix<Pool>,1000,10,1,1,4.756
TrieMix<Pool>,1000,10,1,0,128.353
TrieMix<Pool>,1000,10,0,0,3477.686
TrieMix<Pool>,26,1,1,0,0.404
TrieMix<Pool>,26,1,0,0,1.444
TrieMix<Pool>,100,100000,100000,0,2577.771
TrieMix<Pool>,100,100000,10000,10000,8581.415
TrieMix<Pool>,100,100000,10000,1000,9254.632
TrieMix<Pool>,100,100000,10000,100,9298.683
TrieMix<Pool>,100,100000,10000,10,9300.878
TrieMix<Pool>,100,100000,10000,1,9351.169
TrieMix<Pool>,100,100000,10000,0,9411.271
TrieMix<Pool>,100,100000,1000,1000,9885.457
TrieMix<Pool>,100,100000,1000,100,9943.940
TrieMix<Pool>,100,100000,1000,10,9965.501
TrieMix<Pool>,100,100000,1000,1,9952.198
TrieMix<Pool>,100,100000,1000,0,9961.184
TrieMix<Pool>,100,100000,100,100,10034.195
TrieMix<Pool>,100,100000,100,10,10034.683
TrieMix<Pool>,100,100000,100,1,10082.223
TrieMix<Pool>,100,100000,100,0,10107.361
TrieMix<Pool>,100,100000,10,10,10107.838
TrieMix<Pool>,100,100000,10,1,10073.613
TrieMix<Pool>,100,100000,10,0,10033.565
TrieMix<Pool>,100,100000,1,1,12281.692
TrieMix<Pool>,100,100000,1,0,175728.495
TrieMix<Pool>,100,100000,0,0,4470817.679
TrieMix<Pool>,100,10000,10000,0,185.762
TrieMix<Pool>,100,10000,1000,1000,826.036
TrieMix<Pool>,100,10000,1000,100,894.641
TrieMix<Pool>,100,10000,1000,10,900.531
TrieMix<Pool>,100,10000,1000,1,901.560
TrieMix<Pool>,100,10000,1000,0,908.066
TrieMix<Pool>,100,10000,100,100,967.099
TrieMix<Pool>,100,10000,100,10,973.007
TrieMix<Pool>,100,10000,100,1,972.926
TrieMix<Pool>,100,10000,100,0,974.752
TrieMix<Pool>,100,10000,10,10,978.978
TrieMix<Pool>,100,10000,10,1,981.236
TrieMix<Pool>,100,10000,10,0,980.884
TrieMix<Pool>,100,10000,1,1,1421.522
TrieMix<Pool>,100,10000,1,0,21496.709
TrieMix<Pool>,100,10000,0,0,445098.144
TrieMix<Pool>,100,1000,1000,0,18.858
TrieMix<Pool>,100,1000,100,100,80.670
TrieMix<Pool>,100,1000,100,10,87.183
TrieMix<Pool>,100,1000,100,1,87.727
TrieMix<Pool>,100,1000,100,0,88.419
TrieMix<Pool>,100,1000,10,10,95.087
TrieMix<Pool>,100,1000,10,1,95.054
TrieMix<Pool>,100,1000,10,0,95.640
TrieMix<Pool>,100,1000,1,1,118.039
TrieMix<Pool>,100,1000,1,0,1429.795
TrieMix<Pool>,100,1000,0,0,43644.394
TrieMix<Pool>,100,100,100,0,2.225
TrieMix<Pool>,100,100,10,10,7.155
TrieMix<Pool>,100,100,10,1,7.539
TrieMix<Pool>,100,100,10,0,8.126
TrieMix<Pool>,100,100,1,1,15.843
TrieMix<Pool>,100,100,1,0,211.808
TrieMix<Pool>,100,100,0,0,4280.988
TrieMix<Pool>,100,10,10,0,0.519
TrieMix<Pool>,100,10,1,1,1.747
TrieMix<Pool>,100,10,1,0,13.977
TrieMix<Pool>,100,10,0,0,297.108
TrieMix<Pool>,24,1,1,0,0.400
TrieMix<Pool>,24,1,0,0,1.369
TrieMix<Pool>,10,1000000,1000000,0,28117.329
TrieMix<Pool>,10,1000000,100000,100000,86846.064
TrieMix<Pool>,10,1000000,100000,10000,95079.433
TrieMix<Pool>,10,1000000,100000,1000,95707.393
TrieMix<Pool>,10,1000000,100000,100,95945.542
TrieMix<Pool>,10,1000000,100000,10,96001.960
TrieMix<Pool>,10,1000000,100000,1,95997.289
TrieMix<Pool>,10,1000000,100000,0,96036.137
TrieMix<Pool>,10,1000000,10000,10000,99559.344
TrieMix<Pool>,10,1000000,10000,1000,100287.590
TrieMix<Pool>,10,1000000,10000,100,100393.930
TrieMix<Pool>,10,1000000,10000,10,100383.587
TrieMix<Pool>,10,1000000,10000,1,100419.795
TrieMix<Pool>,10,1000000,10000,0,100440.098
TrieMix<Pool>,10,1000000,1000,1000,100826.588
TrieMix<Pool>,10,1000000,1000,100,100966.885
TrieMix<Pool>,10,1000000,1000,10,100969.091
TrieMix<Pool>,10,1000000,1000,1,100942.785
TrieMix<Pool>,10,1000000,1000,0,100971.689
TrieMix<Pool>,10,1000000,100,100,101094.924
TrieMix<Pool>,10,1000000,100,10,101025.050
TrieMix<Pool>,10,1000000,100,1,101014.225
TrieMix<Pool>,10,1000000,100,0,101163.925
TrieMix<Pool>,10,1000000,10,10,101040.083
TrieMix<Pool>,10,1000000,10,1,100997.686
TrieMix<Pool>,10,1000000,10,0,101022.684
TrieMix<Pool>,10,1000000,1,1,101154.583
TrieMix<Pool>,10,1000000,1,0,282668.392
TrieMix<Pool>,10,1000000,0,0,4512300.341
TrieMix<Pool>,10,100000,100000,0,2479.520
TrieMix<Pool>,10,100000,10000,10000,8534.391
TrieMix<Pool>,10,100000,10000,1000,9255.723
TrieMix<Pool>,10,100000,10000,100,9329.230
TrieMix<Pool>,10,100000,10000,10,9337.818
TrieMix<Pool>,10,100000,10000,1,9341.830
TrieMix<Pool>,10,100000,10000,0,9326.147
TrieMix<Pool>,10,100000,1000,1000,9938.077
TrieMix<Pool>,10,100000,1000,100,10017.037
TrieMix<Pool>,10,100000,1000,10,10016.829
TrieMix<Pool>,10,100000,1000,1,10008.778
TrieMix<Pool>,10,100000,1000,0,9991.605
TrieMix<Pool>,10,100000,100,100,10062.554
TrieMix<Pool>,10,100000,100,10,10056.085
TrieMix<Pool>,10,100000,100,1,10060.293
TrieMix<Pool>,10,100000,100,0,10048.515
TrieMix<Pool>,10,100000,10,10,10062.794
TrieMix<Pool>,10,100000,10,1,10078.193
TrieMix<Pool>,10,100000,10,0,10071.238
TrieMix<Pool>,10,100000,1,1,10093.251
TrieMix<Pool>,10,100000,1,0,23360.258
TrieMix<Pool>,10,100000,0,0,446925.034
TrieMix<Pool>,10,10000,10000,0,182.195
TrieMix<Pool>,10,10000,1000,1000,823.523
TrieMix<Pool>,10,10000,1000,100,893.656
TrieMix<Pool>,10,10000,1000,10,901.156
TrieMix<Pool>,10,10000,1000,1,902.588
TrieMix<Pool>,10,10000,1000,0,904.557
TrieMix<Pool>,10,10000,100,100,968.407
TrieMix<Pool>,10,10000,100,10,972.649
TrieMix<Pool>,10,10000,100,1,974.024
TrieMix<Pool>,10,10000,100,0,973.379
TrieMix<Pool>,10,10000,10,10,980.440
TrieMix<Pool>,10,10000,10,1,981.487
TrieMix<Pool>,10,10000,10,0,981.118
TrieMix<Pool>,10,10000,1,1,982.479
TrieMix<Pool>,10,10000,1,0,3171.504
TrieMix<Pool>,10,10000,0,0,43780.129
TrieMix<Pool>,10,1000,1000,0,18.841
TrieMix<Pool>,10,1000,100,100,80.300
TrieMix<Pool>,10,1000,100,10,87.375
TrieMix<Pool>,10,1000,100,1,88.529
TrieMix<Pool>,10,1000,100,0,88.440
TrieMix<Pool>,10,1000,10,10,94.679
TrieMix<Pool>,10,1000,10,1,95.436
TrieMix<Pool>,10,1000,10,0,95.400
TrieMix<Pool>,10,1000,1,1,96.159
TrieMix<Pool>,10,1000,1,0,181.090
TrieMix<Pool>,10,1000,0,0,4346.815
TrieMix<Pool>,10,100,100,0,2.212
TrieMix<Pool>,10,100,10,10,7.156
TrieMix<Pool>,10,100,10,1,7.543
TrieMix<Pool>,10,100,10,0,7.677
TrieMix<Pool>,10,100,1,1,10.177
TrieMix<Pool>,10,100,1,0,20.835
TrieMix<Pool>,10,100,0,0,382.296
TrieMix<Pool>,10,10,10,0,0.508
TrieMix<Pool>,10,10,1,1,1.008
TrieMix<Pool>,10,10,1,0,3.910
TrieMix<Pool>,10,10,0,0,27.117
TrieMix<Pool>,9,1,1,0,0.395
TrieMix<Pool>,9,1,0,0,0.786
TrieMix<Pool>,1,1000000,1000000,0,14045.826
TrieMix<Pool>,1,1000000,100000,100000,29021.826
TrieMix<Pool>,1,1000000,100000,10000,30883.638
TrieMix<Pool>,1,1000000,100000,1000,31090.485
TrieMix<Pool>,1,1000000,100000,100,31161.545
TrieMix<Pool>,1,1000000,100000,10,31111.919
TrieMix<Pool>,1,1000000,100000,1,31089.697
TrieMix<Pool>,1,1000000,100000,0,31057.466
TrieMix<Pool>,1,1000000,10000,10000,32104.441
TrieMix<Pool>,1,1000000,10000,1000,32288.327
TrieMix<Pool>,1,1000000,10000,100,32305.515
TrieMix<Pool>,1,1000000,10000,10,32287.935
TrieMix<Pool>,1,1000000,10000,1,32299.881
TrieMix<Pool>,1,1000000,10000,0,32297.359
TrieMix<Pool>,1,1000000,1000,1000,32389.809
TrieMix<Pool>,1,1000000,1000,100,32440.149
TrieMix<Pool>,1,1000000,1000,10,32420.210
TrieMix<Pool>,1,1000000,1000,1,32410.982
TrieMix<Pool>,1,1000000,1000,0,32415.448
TrieMix<Pool>,1,1000000,100,100,32447.534
TrieMix<Pool>,1,1000000,100,10,32441.255
TrieMix<Pool>,1,1000000,100,1,32434.316
TrieMix<Pool>,1,1000000,100,0,32471.670
TrieMix<Pool>,1,1000000,10,10,32428.234
TrieMix<Pool>,1,1000000,10,1,32421.353
TrieMix<Pool>,1,1000000,10,0,32415.547
TrieMix<Pool>,1,1000000,1,1,32794.678
TrieMix<Pool>,1,1000000,1,0,33374.308
TrieMix<Pool>,1,1000000,0,0,467356.977
TrieMix<Pool>,1,100000,100000,0,1196.619
TrieMix<Pool>,1,100000,10000,10000,2784.475
TrieMix<Pool>,1,100000,10000,1000,2967.780
TrieMix<Pool>,1,100000,10000,100,3024.416
TrieMix<Pool>,1,100000,10000,10,2988.823
TrieMix<Pool>,1,100000,10000,1,2987.803
TrieMix<Pool>,1,100000,10000,0,2987.847
TrieMix<Pool>,1,100000,1000,1000,3144.655
TrieMix<Pool>,1,100000,1000,100,3175.044
TrieMix<Pool>,1,100000,1000,10,3159.596
TrieMix<Pool>,1,100000,1000,1,3159.717
TrieMix<Pool>,1,100000,1000,0,3159.763
TrieMix<Pool>,1,100000,100,100,3173.885
TrieMix<Pool>,1,100000,100,10,3175.697
TrieMix<Pool>,1,100000,100,1,3176.398
TrieMix<Pool>,1,100000,100,0,3181.020
TrieMix<Pool>,1,100000,10,10,3189.169
TrieMix<Pool>,1,100000,10,1,3179.912
TrieMix<Pool>,1,100000,10,0,3180.588
TrieMix<Pool>,1,100000,1,1,3179.751
TrieMix<Pool>,1,100000,1,0,7600.592
TrieMix<Pool>,1,100000,0,0,45349.689
TrieMix<Pool>,1,10000,10000,0,118.785
TrieMix<Pool>,1,10000,1000,1000,277.227
TrieMix<Pool>,1,10000,1000,100,296.469
TrieMix<Pool>,1,10000,1000,10,298.491
TrieMix<Pool>,1,10000,1000,1,299.008
TrieMix<Pool>,1,10000,1000,0,298.707
TrieMix<Pool>,1,10000,100,100,315.576
TrieMix<Pool>,1,10000,100,10,316.223
TrieMix<Pool>,1,10000,100,1,316.452
TrieMix<Pool>,1,10000,100,0,316.338
TrieMix<Pool>,1,10000,10,10,317.095
TrieMix<Pool>,1,10000,10,1,317.770
TrieMix<Pool>,1,10000,10,0,317.499
TrieMix<Pool>,1,10000,1,1,318.394
TrieMix<Pool>,1,10000,1,0,536.756
TrieMix<Pool>,1,10000,0,0,4479.158
TrieMix<Pool>,1,1000,1000,0,12.294
TrieMix<Pool>,1,1000,100,100,25.550
TrieMix<Pool>,1,1000,100,10,26.707
TrieMix<Pool>,1,1000,100,1,26.874
TrieMix<Pool>,1,1000,100,0,26.899
TrieMix<Pool>,1,1000,10,10,28.982
TrieMix<Pool>,1,1000,10,1,29.046
TrieMix<Pool>,1,1000,10,0,28.987
TrieMix<Pool>,1,1000,1,1,29.353
TrieMix<Pool>,1,1000,1,0,47.951
TrieMix<Pool>,1,1000,0,0,383.257
TrieMix<Pool>,1,100,100,0,1.469
TrieMix<Pool>,1,100,10,10,2.928
TrieMix<Pool>,1,100,10,1,3.036
TrieMix<Pool>,1,100,10,0,3.044
TrieMix<Pool>,1,100,1,1,3.230
TrieMix<Pool>,1,100,1,0,6.067
TrieMix<Pool>,1,100,0,0,30.800
TrieMix<Pool>,1,10,10,0,0.465
TrieMix<Pool>,1,10,1,1,0.641
TrieMix<Pool>,1,10,1,0,1.485
TrieMix<Pool>,1,10,0,0,3.426
TrieMix<Pool>,1,1,1,0,0.402
TrieMix<Pool>,1,1,0,0,0.544
TrieMix<Alloc>,1000000,10,10,0,0.578
TrieMix<Alloc>,1000000,10,1,1,7739.877
TrieMix<Alloc>,1000000,10,1,0,204869.354
TrieMix<Alloc>,1000000,10,0,0,5377760.349
TrieMix<Alloc>,26,1,1,0,0.411
TrieMix<Alloc>,26,1,0,0,1.528
TrieMix<Alloc>,100000,100,100,0,2.177
TrieMix<Alloc>,100000,100,10,10,8.125
TrieMix<Alloc>,100000,100,10,1,9.622
TrieMix<Alloc>,100000,100,10,0,61.670
TrieMix<Alloc>,100000,100,1,1,7749.826
TrieMix<Alloc>,100000,100,1,0,207079.394
TrieMix<Alloc>,100000,100,0,0,5356425.846
TrieMix<Alloc>,100000,10,10,0,0.563
TrieMix<Alloc>,100000,10,1,1,506.967
TrieMix<Alloc>,100000,10,1,0,17213.325
TrieMix<Alloc>,100000,10,0,0,511312.470
TrieMix<Alloc>,26,1,1,0,0.399
TrieMix<Alloc>,26,1,0,0,1.534
TrieMix<Alloc>,10000,1000,1000,0,35.054
TrieMix<Alloc>,10000,1000,100,100,91.938
TrieMix<Alloc>,10000,1000,100,10,95.959
TrieMix<Alloc>,10000,1000,100,1,96.967
TrieMix<Alloc>,10000,1000,100,0,113.002
TrieMix<Alloc>,10000,1000,10,10,101.218
TrieMix<Alloc>,10000,1000,10,1,101.823
TrieMix<Alloc>,10000,1000,10,0,117.259
TrieMix<Alloc>,10000,1000,1,1,7512.500
TrieMix<Alloc>,10000,1000,1,0,192928.929
TrieMix<Alloc>,10000,1000,0,0,5074659.027
TrieMix<Alloc>,10000,100,100,0,1.945
TrieMix<Alloc>,10000,100,10,10,7.925
TrieMix<Alloc>,10000,100,10,1,8.767
TrieMix<Alloc>,10000,100,10,0,18.026
TrieMix<Alloc>,10000,100,1,1,708.687
TrieMix<Alloc>,10000,100,1,0,19964.178
TrieMix<Alloc>,10000,100,0,0,530299.703
TrieMix<Alloc>,10000,10,10,0,0.548
TrieMix<Alloc>,10000,10,1,1,49.842
TrieMix<Alloc>,10000,10,1,0,1423.246
TrieMix<Alloc>,10000,10,0,0,36994.431
TrieMix<Alloc>,26,1,1,0,0.399
TrieMix<Alloc>,26,1,0,0,1.531
TrieMix<Alloc>,1000,10000,10000,0,494.252
TrieMix<Alloc>,1000,10000,1000,1000,925.607
TrieMix<Alloc>,1000,10000,1000,100,973.408
TrieMix<Alloc>,1000,10000,1000,10,976.671
TrieMix<Alloc>,1000,10000,1000,1,981.646
TrieMix<Alloc>,1000,10000,1000,0,981.322
TrieMix<Alloc>,1000,10000,100,100,1022.435
TrieMix<Alloc>,1000,10000,100,10,1027.655
TrieMix<Alloc>,1000,10000,100,1,1027.798
TrieMix<Alloc>,1000,10000,100,0,1032.056
TrieMix<Alloc>,1000,10000,10,10,1031.691
TrieMix<Alloc>,1000,10000,10,1,1033.691
TrieMix<Alloc>,1000,10000,10,0,1037.363
TrieMix<Alloc>,1000,10000,1,1,6608.716
TrieMix<Alloc>,1000,10000,1,0,197940.011
TrieMix<Alloc>,1000,10000,0,0,5050148.269
TrieMix<Alloc>,1000,1000,1000,0,34.340
TrieMix<Alloc>,1000,1000,100,100,91.121
TrieMix<Alloc>,1000,1000,100,10,95.973
TrieMix<Alloc>,1000,1000,100,1,96.407
TrieMix<Alloc>,1000,1000,100,0,99.385
TrieMix<Alloc>,1000,1000,10,10,101.089
TrieMix<Alloc>,1000,1000,10,1,101.709
TrieMix<Alloc>,1000,1000,10,0,104.529
TrieMix<Alloc>,1000,1000,1,1,717.814
TrieMix<Alloc>,1000,1000,1,0,18048.977
TrieMix<Alloc>,1000,1000,0,0,504702.379
TrieMix<Alloc>,1000,100,100,0,1.901
TrieMix<Alloc>,1000,100,10,10,7.857
TrieMix<Alloc>,1000,100,10,1,8.609
TrieMix<Alloc>,1000,100,10,0,10.566
TrieMix<Alloc>,1000,100,1,1,62.623
TrieMix<Alloc>,1000,100,1,0,1846.268
TrieMix<Alloc>,1000,100,0,0,46874.269
TrieMix<Alloc>,1000,10,10,0,0.536
TrieMix<Alloc>,1000,10,1,1,4.967
TrieMix<Alloc>,1000,10,1,0,142.914
TrieMix<Alloc>,1000,10,0,0,3874.710
TrieMix<Alloc>,26,1,1,0,0.401
TrieMix<Alloc>,26,1,0,0,1.533
TrieMix<Alloc>,100,100000,100000,0,15401.207
TrieMix<Alloc>,100,100000,10000,10000,14325.597
TrieMix<Alloc>,100,100000,10000,1000,12099.895
TrieMix<Alloc>,100,100000,10000,100,11919.594
TrieMix<Alloc>,100,100000,10000,10,11913.492
TrieMix<Alloc>,100,100000,10000,1,11902.325
TrieMix<Alloc>,100,100000,10000,0,11901.388
TrieMix<Alloc>,100,100000,1000,1000,11733.398
TrieMix<Alloc>,100,100000,1000,100,11528.853
TrieMix<Alloc>,100,100000,1000,10,11482.893
TrieMix<Alloc>,100,100000,1000,1,11508.816
TrieMix<Alloc>,100,100000,1000,0,11472.606
TrieMix<Alloc>,100,100000,100,100,11412.680
TrieMix<Alloc>,100,100000,100,10,11416.687
TrieMix<Alloc>,100,100000,100,1,11405.759
TrieMix<Alloc>,100,100000,100,0,11429.682
TrieMix<Alloc>,100,100000,10,10,11429.920
TrieMix<Alloc>,100,100000,10,1,11410.254
TrieMix<Alloc>,100,100000,10,0,11407.883
TrieMix<Alloc>,100,100000,1,1,14069.346
TrieMix<Alloc>,100,100000,1,0,205749.372
TrieMix<Alloc>,100,100000,0,0,5251957.567
TrieMix<Alloc>,100,10000,10000,0,496.713
TrieMix<Alloc>,100,10000,1000,1000,928.604
TrieMix<Alloc>,100,10000,1000,100,977.200
TrieMix<Alloc>,100,10000,1000,10,980.431
TrieMix<Alloc>,100,10000,1000,1,979.665
TrieMix<Alloc>,100,10000,1000,0,978.622
TrieMix<Alloc>,100,10000,100,100,1024.265
TrieMix<Alloc>,100,10000,100,10,1027.806
TrieMix<Alloc>,100,10000,100,1,1029.640
TrieMix<Alloc>,100,10000,100,0,1030.161
TrieMix<Alloc>,100,10000,10,10,1031.420
TrieMix<Alloc>,100,10000,10,1,1031.440
TrieMix<Alloc>,100,10000,10,0,1033.021
TrieMix<Alloc>,100,10000,1,1,1512.471
TrieMix<Alloc>,100,10000,1,0,24390.146
TrieMix<Alloc>,100,10000,0,0,505173.105
TrieMix<Alloc>,100,1000,1000,0,30.942
TrieMix<Alloc>,100,1000,100,100,91.529
TrieMix<Alloc>,100,1000,100,10,95.825
TrieMix<Alloc>,100,1000,100,1,96.032
TrieMix<Alloc>,100,1000,100,0,97.010
TrieMix<Alloc>,100,1000,10,10,100.974
TrieMix<Alloc>,100,1000,10,1,101.160
TrieMix<Alloc>,100,1000,10,0,102.166
TrieMix<Alloc>,100,1000,1,1,126.230
TrieMix<Alloc>,100,1000,1,0,1540.444
TrieMix<Alloc>,100,1000,0,0,47420.565
TrieMix<Alloc>,100,100,100,0,1.889
TrieMix<Alloc>,100,100,10,10,7.886
TrieMix<Alloc>,100,100,10,1,8.600
TrieMix<Alloc>,100,100,10,0,9.410
TrieMix<Alloc>,100,100,1,1,17.879
TrieMix<Alloc>,100,100,1,0,229.436
TrieMix<Alloc>,100,100,0,0,4592.729
TrieMix<Alloc>,100,10,10,0,0.522
TrieMix<Alloc>,100,10,1,1,1.789
TrieMix<Alloc>,100,10,1,0,14.989
TrieMix<Alloc>,100,10,0,0,332.132
TrieMix<Alloc>,24,1,1,0,0.401
TrieMix<Alloc>,24,1,0,0,1.467
TrieMix<Alloc>,10,1000000,1000000,0,271151.954
TrieMix<Alloc>,10,1000000,100000,100000,148717.685
TrieMix<Alloc>,10,1000000,100000,10000,133210.665
TrieMix<Alloc>,10,1000000,100000,1000,131422.728
TrieMix<Alloc>,10,1000000,100000,100,131453.908
TrieMix<Alloc>,10,1000000,100000,10,131800.877
TrieMix<Alloc>,10,1000000,100000,1,131539.483
TrieMix<Alloc>,10,1000000,100000,0,131370.881
TrieMix<Alloc>,10,1000000,10000,10000,123766.887
TrieMix<Alloc>,10,1000000,10000,1000,121702.214
TrieMix<Alloc>,10,1000000,10000,100,121715.608
TrieMix<Alloc>,10,1000000,10000,10,121814.962
TrieMix<Alloc>,10,1000000,10000,1,121747.622
TrieMix<Alloc>,10,1000000,10000,0,121509.837
TrieMix<Alloc>,10,1000000,1000,1000,120868.538
TrieMix<Alloc>,10,1000000,1000,100,121039.752
TrieMix<Alloc>,10,1000000,1000,10,120905.419
TrieMix<Alloc>,10,1000000,1000,1,120618.339
TrieMix<Alloc>,10,1000000,1000,0,120891.847
TrieMix<Alloc>,10,1000000,100,100,120408.612
TrieMix<Alloc>,10,1000000,100,10,121079.943
TrieMix<Alloc>,10,1000000,100,1,121058.124
TrieMix<Alloc>,10,1000000,100,0,121703.227
TrieMix<Alloc>,10,1000000,10,10,120935.366
TrieMix<Alloc>,10,1000000,10,1,120305.072
TrieMix<Alloc>,10,1000000,10,0,120096.671
TrieMix<Alloc>,10,1000000,1,1,120204.612
TrieMix<Alloc>,10,1000000,1,0,344832.703
TrieMix<Alloc>,10,1000000,0,0,5563521.628
TrieMix<Alloc>,10,100000,100000,0,15435.929
TrieMix<Alloc>,10,100000,10000,10000,14447.425
TrieMix<Alloc>,10,100000,10000,1000,12178.286
TrieMix<Alloc>,10,100000,10000,100,11917.530
TrieMix<Alloc>,10,100000,10000,10,11906.363
TrieMix<Alloc>,10,100000,10000,1,11910.819
TrieMix<Alloc>,10,100000,10000,0,11866.755
TrieMix<Alloc>,10,100000,1000,1000,11682.477
TrieMix<Alloc>,10,100000,1000,100,11474.312
TrieMix<Alloc>,10,100000,1000,10,11430.021
TrieMix<Alloc>,10,100000,1000,1,11485.728
TrieMix<Alloc>,10,100000,1000,0,11513.255
TrieMix<Alloc>,10,100000,100,100,11472.318
TrieMix<Alloc>,10,100000,100,10,11427.465
TrieMix<Alloc>,10,100000,100,1,11383.420
TrieMix<Alloc>,10,100000,100,0,11379.823
TrieMix<Alloc>,10,100000,10,10,11401.727
TrieMix<Alloc>,10,100000,10,1,11367.622
TrieMix<Alloc>,10,100000,10,0,11392.459
TrieMix<Alloc>,10,100000,1,1,11421.583
TrieMix<Alloc>,10,100000,1,0,26972.861
TrieMix<Alloc>,10,100000,0,0,525672.914
TrieMix<Alloc>,10,10000,10000,0,497.504
TrieMix<Alloc>,10,10000,1000,1000,924.183
TrieMix<Alloc>,10,10000,1000,100,971.549
TrieMix<Alloc>,10,10000,1000,10,976.906
TrieMix<Alloc>,10,10000,1000,1,981.729
TrieMix<Alloc>,10,10000,1000,0,980.499
TrieMix<Alloc>,10,10000,100,100,1021.820
TrieMix<Alloc>,10,10000,100,10,1026.812
TrieMix<Alloc>,10,10000,100,1,1028.110
TrieMix<Alloc>,10,10000,100,0,1027.282
TrieMix<Alloc>,10,10000,10,10,1030.794
TrieMix<Alloc>,10,10000,10,1,1031.483
TrieMix<Alloc>,10,10000,10,0,1031.992
TrieMix<Alloc>,10,10000,1,1,1032.044
TrieMix<Alloc>,10,10000,1,0,3402.478
TrieMix<Alloc>,10,10000,0,0,47433.703
TrieMix<Alloc>,10,1000,1000,0,31.146
TrieMix<Alloc>,10,1000,100,100,91.317
TrieMix<Alloc>,10,1000,100,10,96.393
TrieMix<Alloc>,10,1000,100,1,97.020
TrieMix<Alloc>,10,1000,100,0,97.270
TrieMix<Alloc>,10,1000,10,10,101.414
TrieMix<Alloc>,10,1000,10,1,101.635
TrieMix<Alloc>,10,1000,10,0,101.923
TrieMix<Alloc>,10,1000,1,1,102.460
TrieMix<Alloc>,10,1000,1,0,196.795
TrieMix<Alloc>,10,1000,0,0,4672.350
TrieMix<Alloc>,10,100,100,0,2.030
TrieMix<Alloc>,10,100,10,10,8.033
TrieMix<Alloc>,10,100,10,1,8.713
TrieMix<Alloc>,10,100,10,0,8.956
TrieMix<Alloc>,10,100,1,1,11.517
TrieMix<Alloc>,10,100,1,0,23.799
TrieMix<Alloc>,10,100,0,0,419.243
TrieMix<Alloc>,10,10,10,0,0.504
TrieMix<Alloc>,10,10,1,1,1.024
TrieMix<Alloc>,10,10,1,0,4.104
TrieMix<Alloc>,10,10,0,0,27.621
TrieMix<Alloc>,9,1,1,0,0.390
TrieMix<Alloc>,9,1,0,0,0.951
TrieMix<Alloc>,1,1000000,1000000,0,72630.140
TrieMix<Alloc>,1,1000000,100000,100000,43507.029
TrieMix<Alloc>,1,1000000,100000,10000,38798.125
TrieMix<Alloc>,1,1000000,100000,1000,38374.274
TrieMix<Alloc>,1,1000000,100000,100,38245.301
TrieMix<Alloc>,1,1000000,100000,10,38215.272
TrieMix<Alloc>,1,1000000,100000,1,38140.458
TrieMix<Alloc>,1,1000000,100000,0,38290.982
TrieMix<Alloc>,1,1000000,10000,10000,36504.592
TrieMix<Alloc>,1,1000000,10000,1000,35893.592
TrieMix<Alloc>,1,1000000,10000,100,35819.559
TrieMix<Alloc>,1,1000000,10000,10,35739.395
TrieMix<Alloc>,1,1000000,10000,1,35745.795
TrieMix<Alloc>,1,1000000,10000,0,35754.029
TrieMix<Alloc>,1,1000000,1000,1000,35702.025
TrieMix<Alloc>,1,1000000,1000,100,35596.822
TrieMix<Alloc>,1,1000000,1000,10,35618.182
TrieMix<Alloc>,1,1000000,1000,1,35592.180
TrieMix<Alloc>,1,1000000,1000,0,35607.017
TrieMix<Alloc>,1,1000000,100,100,35669.403
TrieMix<Alloc>,1,1000000,100,10,35721.781
TrieMix<Alloc>,1,1000000,100,1,35677.199
TrieMix<Alloc>,1,1000000,100,0,35743.124
TrieMix<Alloc>,1,1000000,10,10,35662.160
TrieMix<Alloc>,1,1000000,10,1,35630.556
TrieMix<Alloc>,1,1000000,10,0,35591.830
TrieMix<Alloc>,1,1000000,1,1,35533.015
TrieMix<Alloc>,1,1000000,1,0,35651.742
TrieMix<Alloc>,1,1000000,0,0,570187.616
TrieMix<Alloc>,1,100000,100000,0,1857.925
TrieMix<Alloc>,1,100000,10000,10000,2968.479
TrieMix<Alloc>,1,100000,10000,1000,3111.364
TrieMix<Alloc>,1,100000,10000,100,3124.052
TrieMix<Alloc>,1,100000,10000,10,3147.793
TrieMix<Alloc>,1,100000,10000,1,3139.445
TrieMix<Alloc>,1,100000,10000,0,3136.046
TrieMix<Alloc>,1,100000,1000,1000,3193.067
TrieMix<Alloc>,1,100000,1000,100,3189.589
TrieMix<Alloc>,1,100000,1000,10,3185.394
TrieMix<Alloc>,1,100000,1000,1,3187.434
TrieMix<Alloc>,1,100000,1000,0,3172.154
TrieMix<Alloc>,1,100000,100,100,3167.092
TrieMix<Alloc>,1,100000,100,10,3172.592
TrieMix<Alloc>,1,100000,100,1,3188.005
TrieMix<Alloc>,1,100000,100,0,3197.729
TrieMix<Alloc>,1,100000,10,10,3202.965
TrieMix<Alloc>,1,100000,10,1,3183.597
TrieMix<Alloc>,1,100000,10,0,3174.507
TrieMix<Alloc>,1,100000,1,1,3175.325
TrieMix<Alloc>,1,100000,1,0,8042.148
TrieMix<Alloc>,1,100000,0,0,49440.643
TrieMix<Alloc>,1,10000,10000,0,178.733
TrieMix<Alloc>,1,10000,1000,1000,285.843
TrieMix<Alloc>,1,10000,1000,100,297.673
TrieMix<Alloc>,1,10000,1000,10,298.251
TrieMix<Alloc>,1,10000,1000,1,299.676
TrieMix<Alloc>,1,10000,1000,0,298.771
TrieMix<Alloc>,1,10000,100,100,310.141
TrieMix<Alloc>,1,10000,100,10,311.516
TrieMix<Alloc>,1,10000,100,1,311.698
TrieMix<Alloc>,1,10000,100,0,311.673
TrieMix<Alloc>,1,10000,10,10,312.590
TrieMix<Alloc>,1,10000,10,1,312.862
TrieMix<Alloc>,1,10000,10,0,312.766
TrieMix<Alloc>,1,10000,1,1,313.044
TrieMix<Alloc>,1,10000,1,0,551.604
TrieMix<Alloc>,1,10000,0,0,4849.387
TrieMix<Alloc>,1,1000,1000,0,11.055
TrieMix<Alloc>,1,1000,100,100,25.764
TrieMix<Alloc>,1,1000,100,10,28.167
TrieMix<Alloc>,1,1000,100,1,28.089
TrieMix<Alloc>,1,1000,100,0,28.163
TrieMix<Alloc>,1,1000,10,10,29.630
TrieMix<Alloc>,1,1000,10,1,29.630
TrieMix<Alloc>,1,1000,10,0,29.690
TrieMix<Alloc>,1,1000,1,1,29.923
TrieMix<Alloc>,1,1000,1,0,51.561
TrieMix<Alloc>,1,1000,0,0,442.406
TrieMix<Alloc>,1,100,100,0,1.306
TrieMix<Alloc>,1,100,10,10,2.910
TrieMix<Alloc>,1,100,10,1,3.119
TrieMix<Alloc>,1,100,10,0,3.147
TrieMix<Alloc>,1,100,1,1,3.245
TrieMix<Alloc>,1,100,1,0,6.316
TrieMix<Alloc>,1,100,0,0,32.991
TrieMix<Alloc>,1,10,10,0,0.478
TrieMix<Alloc>,1,10,1,1,0.649
TrieMix<Alloc>,1,10,1,0,1.534
TrieMix<Alloc>,1,10,0,0,3.579
TrieMix<Alloc>,1,1,1,0,0.391
TrieMix<Alloc>,1,1,0,0,0.760
